common_name,scientific_name,aliases,height,width,publish
"Acer negundo","Acer negundo","Ashleaf maple, Ash-leaved maple, Box elder, Boxelder maple, Maple ash, 'Variegatum'",,,Yes
"Aloha Dark Red","Mandevilla hybrid","'Aloha Dark Red'",,,Yes
"Aloha Regal Ruby","Mandevilla hybrid","'Aloha Regal Ruby'",,,Yes
Angela,Alstroemeria,'Angela',,,Yes
"Princess Lily Louise",Alstroemeria,"'Princess Lily Louise'",,,Yes
"Peruvian Lily","Alstroemeria pulchella",,30cm,30cm,Yes
"Pine Golden Pippin","Malus domestica 'Pine Golden Pippin'",,,,Yes
"Pitmaston Pine","Malus domestica 'Pitmaston Pine'",,,,Yes
"Apple 3","Malus domestica 3",,8m,7m,Yes
Pinkabelle®,"Malus domestica Pinkabelle®",,2m,1m,Yes
Leprechaun,"Malus domestica Leprechaun",,2m,1m,Yes
Pompink,"Malus domestica Pompink",,3m,60cm,Yes
Harmony,"Malus domestica Harmony",,3m,60cm,Yes
Pom-for-You,"Malus domestica Pom-for-You",,3m,60cm,Yes
Columbine,"Aquilegia McKana",,,,Yes
"Granny's Bonnet","Aquilegia flabellata var. pumila alba","Columbine, Granny's Bonnet",,,Yes
"Arum italicum","Arum italicum","Italian arum, Italian lords-and-ladies",46cm,46cm,Yes
"Asparagus Fern","Asparagus setaceus","Common Asparagus Fern, Climbing Asparagus, Ferny Asparagus, Lace Fern",,,Yes
"Rosa Belton",Azalea,,,,Yes
"Azalea 2",Azalea,,,,Yes
"Azalea 3",Azalea,,,,Yes
"Cherry Candles","Banksia spinulosa",,,,Yes
"Prostrate Banksia","Banksia blechnifolia",,50cm,50cm,Yes
"Genovese Basil","Ocimum basilicum","Great basil, king of herbs, royal herb, Saint-Joseph's-wort, Sweet Scented Basil",45cm,20cm,Yes
"African Basil","Ocimum kilimandscharicum x basilicum 'Dark Opal'","Holy basil, Ocimum sp., perennial basil, tulasi, thulasi, tulsi",1m,30cm,Yes
"Beacon Silver",Lamium,Dead-nettles,,,Yes
"Bears breeches","Acanthus mollis","Bearsfoot, Oyster plant, Sea dock",,,Yes
"Adriatic bellflower","Campanula garganica",,,,Yes
"Serbian bellflower","Campanula poscharskyana",,25cm,100cm,Yes
"Big Blue Lilyturf","Liriope muscari",,,,Yes
"Blueberry Ash","Elaeocarpus reticulatus","'Prima Donna'",5m,2m,Yes
"Border Red","Phormium tenax",,40cm,40cm,Yes
Bottlebrush,"Callistemon viminalis hybrid","'Little John'",,,Yes
Bracteantha,Bracteantha,"'Mohave Orange', Xerochrysum",,,Yes
"Burnt Orange","Pultenaea pedunculata","Matted bush-tree",,,Yes
"Butterfly Bush","Rotheca myricoides","Clerodendrum myricoides, Clerodendrum myricoides 'Ugandense'",,,Yes
"Butterfly Iris",Dietes,"African iris, Butterfly iris, Fortnight lily, Japanese iris, Wood iris",,,Yes
Camellia,Camellia,,,,Yes
Carnation,Dianthus,,,,Yes
Celosia,Celosia,"Plumed cockscomb, Silver cock's comb",,,Yes
"Chilean Jasmine","Mandevilla laxa",,,,Yes
"Chinese fringe flower","Loropetalum chinense var. rubrum","Chinese witch hazel, 'China Pink'",,,Yes
"Chinese Lantern","Abutilon hybridum","Indian mallow, Velvetleaf",,,Yes
"Chinese witch hazel","Loropetalum chinense","Chinese fringe flower, 'Purple Prince'",50cm,,Yes
"Chives 1","Allium schoenoprasum",,,,Yes
"Chives 2","Allium tuberosum","Asian chives, Chinese chives, Chinese leek, garlic chives, oriental garlic",60cm,,Yes
"Chocolate Lily","Dichopogon strictus","Arthropodium strictum, Chocolate lily",,,Yes
Cumquat,"Citrus japonica",,,,Yes
"Lisbon lemon","Citrus limon",,,,Yes
"Meyer lemon","Citrus x meyeri","Meyer 'Improved'",,,Yes
"Tahiti Lime","Citrus x latifolia","Bearss lime, seedless lime",,,Yes
"Washington Navel Orange","Citrus x sinensis",,,,Yes
"Convolvulus 1","Convolvulus cneorum","Silver Bush",40cm,40cm,Yes
"Convolvulus 2","Convolvulus sabatius","Trailing Convolvulus",10cm,1.2m,Yes
Coriander,"Coriandrum sativum","Chinese parsley, cilantro, Coriander Slow Bolting",20cm,25cm,Yes
"Corn Salad","Valerianella locusta","Common cornsalad, doucette, feldsalat, fetticus, field salad, lamb's lettuce, mâche, nut lettuce, raiponce, rapunzel",20cm,10cm,Yes
"Correa glabra","Correa glabra","Rock Correa",1-2m,1-2m,Yes
"Correa - Orange form","Correa pulchella","Autumn Blaze",0.9m,0.3m,Yes
"Corymbia ficifolia","Corymbia ficifolia","'Mini Orange'",2m,2m,Yes
"Crepe Myrtle","Lagerstromeia indica x L. Fauriei",'Tuscarora',,,Yes
Crowea,"Crowea saligna","Willow-leaved crowea",,,Yes
"Dampiera trigona","Dampiera trigona",,,,Yes
Daphne,"Daphne bholua","Nepalese paper plant",,,Yes
Delphinium,Delphinium,"'Blue Sensation', Larkspur",80cm,20cm,Yes
"Dianella prunina","Dianella prunina DP303","Blue Purple Flax, Utopia",1m,50cm,Yes
"Diplarrena latifolia","Diplarrena latifolia",,45cm,20cm,Yes
"Dwarf Crown of Thorns","Euphorbia milii",,30cm,30cm,Yes
"Elephant bush","Portulacaria afra","Dwarf jade plant, Porkbush, Spekboom",,,Yes
Elephant-ear,Colocasia,"Chembu, Cocoyam, Dasheen, Eddoe, Karala ko ganu, Taro, Tarul",,,Yes
"Eremorphila glabra","Eremorphila glabra","Yellow Form",70cm,1.5m,Yes
"Eremorphila nivea","Eremorphila nivea","'Blue Velvet'",,,Yes
Eutaxia,"Eutaxia obovata nana","'Egg and Bacon Plant'",,,Yes
"False sarsaparilla","Hardenbergia violacea","Happy wanderer, Lilac vine, 'Mini Haha', Native lilac, Purple coral pea, Vine lilac, Waraburra",,,Yes
Fig,"Ficus carica","Common Fig",,,Yes
Firebird,"Penstemon cv",Beardtongues,60cm,40cm,Yes
"Heart-Leaf Flame Pea","Chorizema cordatum",,1-2m,1-2m,Yes
"Flame Pea","Chorizema varium",,75cm,1m,Yes
"Forest Pansy","Cercis canadensis","Eastern redbud",,,Yes
"Fountain Grass","Pennisetum setaceum","Crimson fountaingrass",,,Yes
Fuchsia,Fuchsia,,60cm,30cm,Yes
'Coralle',Fuchsia,,1m,,Yes
"Garden heliotrope","Heliotropium arborescens","Cherry pie, Common heliotrope, 'Lord Roberts'",50cm,90cm,Yes
Gazania,Gazania,"'Sunseeker Mix'",,,Yes
"Glory Bush","Tibouchina urvilleana","Glory trees",,,Yes
"Goji Berry Plant","Lycium barbarum",,3m,1m,Yes
"Golden arum lily","Zantedeschia elliottiana","Calla Lily",,,Yes
Goldfussia,"Strobilanthes anisophyllus",,,,Yes
'Goldfever',Grevillea,,,,Yes
"Lady 'O'",Grevillea,,1-1.5m,1.5-2m,Yes
"'Lemon Daze'",Grevillea,,,,Yes
'Fireworks',Grevillea,,1m,75cm,Yes
"'Honeyeater Heaven'","Grevillea lanigera",,,,Yes
"Heavenly Bamboo","Nandina domestica","Nandina, Sacred bamboo",,,Yes
"Christmas rose","Helleborus argutifolius","H. corsicus, Lenten rose, Winter Rose",,,Yes
"Hellebore 2","Helleborus foetidus","Bear's foot, dungwort, setterwort",60cm,60cm,Yes
'Obsidian',Heuchera,Alumroot,,,Yes
"Coral bells",Heuchera,"Alumroot, 'Peach Flambé'",,,Yes
"Climbing Guinea Flower","Hibbertia scandens","Golden Guinea Vine, Snake Vine",,,Yes
"Hoary Guinea Flower","Hibbertia obtusifolia",,,,Yes
Hibiscus,"Alyogyne huegelii",,,,Yes
"West Coast Gem","Alyogyne huegelii",,,,Yes
"Rose mallow",Hibiscus,,,,Yes
"Himalayan Knotweed","Persicaria affinis",,,,Yes
Honesty,"Lunaria annua","Annual honesty",,,Yes
Honeysuckle,"Lonicera periclymenum","Common honeysuckle, European honeysuckle, Woodbine",,,Yes
"Hummingbird Plant","Dicliptera suberecta","Uruguayan Firecracker Plant",50cm,50cm,Yes
Hydrangea,Hydrangea,,,,Yes
Hymenosporum,Hymenosporum,"'Golden Nugget', Native frangipani",,,Yes
"Algerian Iris","Iris unguicularis",,,,Yes
Iris,"Iris unknown",,,,Yes
"Isopogon latifolius","Isopogon latifolius","Pink Coneflower",1-2m,50cm,Yes
Ivy,Hedera,,,,Yes
Jacaranda,"Jacaranda mimosifolia",,,,Yes
"Japanese maple","Acer palmatum","Smooth Japanese maple, irohamomiji (イロハモミジ), or momiji (栴)",,,Yes
"Japanese Spiraea","Spiraea japonica","Japanese meadowsweet",,,Yes
"Bush Bonanza","Anigozanthos hybrid syn. Rambubona Kangaroo Paw",,,,Yes
"Bush Crystal","Anigozanthos hybrid Kangaroo Paw",,60cm,45cm,Yes
"Bush Pearl","Anigozanthos hybrid",,,,Yes
"Bush Diamond","Anigozanthos hybrid syn. Rambodiam",,,,Yes
"Green Kangaroo Paw","Anigozanthos viridis",,,,Yes
"Kennedia beckxiana","Kennedia beckxiana","Cape Arid Climber",,,Yes
"Kennedia coccinea","Kennedia coccinea","Coral Vine",,,Yes
"Kennedia macrophylla","Kennedia macrophylla",,,,Yes
"Kennedia nigricans","Kennedia nigricans","Black Coral Pea",,,Yes
"Kennedia rubicunda","Kennedia rubicunda","Dusky Coral Pea",,,Yes
Kunzea,"Kunzea baxterii nana","'Mandy's Surprise'",,,Yes
"Land cress","Barbarea verna","American cress, bank cress, black wood cress, Belle Isle cress, Bermuda cress, creasy greens, early wintercress, early yellowrocket, scurvy cress and upland cress",20cm,20cm,Yes
Lechenaultia,Lechenaultia,"'Midnight Blue'",,,Yes
Lily,Lilium,"Asiatic Matisse Lily, Oriental Lily",,,Yes
Lovage,"Levisticum officinale",,2m,1.5m,Yes
Marigold,"Tagetes erecta","Aztec marigold, 'Jezebel', Mexican marigold",,,Yes
"Marmalade Bush","Streptosolen jamesonii","Orange Browallia",,,Yes
"Mexican Mock Orange","Philadelphus mexicanus",,,,Yes
Monstera,"Monstera deliciosa","Balazo, Ceriman",,,Yes
"Morning Glory","Ipomoea lacunosa","Pitted morningglory, Whitestar potato",,,Yes
"Moorpark Apricot","Prunus armeniaca",,1.8-2.0m,1.5-2m,Yes
Mugwort,"Artemisia vulgaris","Chrysanthemum weed, common wormwood, felon herb, naughty man, old man, old Uncle Henry, riverside wormwood, sailor's tobacco, St. John's plant",1.2m,1.5m,Yes
Narcissus,"Narcissus papyraceus",Paperwhite,,,Yes
Nasturtium,"Tropaeolum majus","Nose-tweaker, Nose-twister",1-2m,45cm,Yes
Nierembergia,Nierembergia,"'Blue Wonder'",30cm,30cm,Yes
Oregano,"Origanum vulgare","Wild marjoram (not sweet marjoram)",80cm,,Yes
Parsley,"Petroselinum crispum","Garden parsley",,,Yes
"Passionfruit Daisy","Tagetes sp",,1.5-2m,,Yes
Pelargonium,Pelargonium,,,,Yes
Pennywort,"Centella asiatica","Arthritis Herb, Asiatic pennywort, centella, Gotu Kola, Indian pennywort",,,Yes
"Perezii Blue","Limonium perezii","'Perennial Statice'",,,Yes
"Philotheca myoporoides","Philotheca myoporoides","Long-leaf Wax Flower",,,Yes
"Plectranthus caninus","Plectranthus caninus","Coleus canina, Dogsbane",,,Yes
"Plectranthus ecklonii 1","Plectranthus ecklonii",,1.5m,1.5m,Yes
"Plectranthus ecklonii 2","Plectranthus ecklonii",'Alba',1m,1m,Yes
"Plectranthus saccatus","Plectranthus saccatus",,1.5m,2m,Yes
Purpurea,"Dodonaea viscosa",,3m,1.5m,Yes
"Rainbow Chard","Beta vulgaris 1",Silverbeet,30cm,30cm,Yes
"Red Japanese Spinach","Brassica rapa var. perviridis 'Red'","Red Komatsuma",45cm,30cm,Yes
"Red Spinach","Spinacia oleracea",,1.2m,30cm,Yes
"Rice Flower 'Cosmic'",Ozothamnus,,,,Yes
"Pale Pink Rice Flower","Pimelea rosea",,60cm,30cm,Yes
"Rose 1",Rosa,Rose,5m,3m,Yes
"Rose 2",Rosa,Rose,5m,2m,Yes
"Rose 3",Rosa,Rose,1.2m,1m,Yes
"Rose 4",Rosa,Rose,,,Yes
Rosemary,"Rosmarinus officinalis",Anthos,,,Yes
"Common sage","Salvia officinalis","Garden sage",20cm,20cm,Yes
Bethellii,"Salvia involucrata","Rosy-leaf sage",1m,1m,Yes
Sage,"Salvia involucrata",,1m,1m,Yes
"Bee sage","Salvia apiana","Sacred sage, white sage",1m,1m,Yes
"Shady Lady® Crimson","Telopea speciosissima",,3m,1.5m,Yes
"Siegfredia darwinioides","Siegfredia darwinioides",,,,Yes
"Silver lace bush","Tanacetum ptarmiciflorum",,1m,50cm,Yes
"Smoke Tree","Cotinus coggygria","Smoke bush",,,Yes
"Snake bean","Vigna unguiculata subsp. sesquipedalis","Asparagus bean, bodi, bora, Chinese long bean, long-podded cowpea, pea bean, yardlong bean",46cm,10cm,Yes
Spearmint,"Mentha spicata","Common mint, garden mint, lamb mint, mackerel mint, Mentha spicata 'Moroccan', Mentha spicata 'Nana', Mentha viridis",45cm,1m,Yes
"Spiked mint-bush","Prostanthera phylicifolia",,1.5m,1m,Yes
"Spinach Beet","Beta vulgaris 2","Perpetual Spinach",45cm,35cm,Yes
"Spring Snowflake","Leucojum vernum",,,,Yes
"Sweet Lilli","Agastache aurantiaca","Hummingbird mints, Giant hyssops",1.1m,70cm,Yes
"Tamarix aphylla","Tamarix aphylla","Athel pine, Athel tamarisk, Athel tree and saltcedar",18m,5m,Yes
Tansy,"Tanacetum vulgare","Bitter buttons, cow bitter, common tansy, golden buttons",1m,1m,Yes
"Tea Tree 1","Leptospermum obovatum anisophyllea","A type of myrtle",,,Yes
"Tea Tree 2","Leptospermum ","A type of myrtle, 'Rudolph'",2-3m,1.5-2m,Yes
