common_name,description,file_name
"Acer negundo","Varigated leaf",Acer.negundo.1.jpg
"Acer negundo","Throw-back leaf",Acer.negundo.2.jpg
"Acer negundo",Pods,Acer.negundo.3.jpg
"Aloha Dark Red","Flower and bud",Mandevilla.hybrid.1.1.jpg
"Aloha Dark Red",Leaves,Mandevilla.hybrid.1.2.jpg
"Aloha Regal Ruby","Baby flower",Mandevilla.hybrid.2.1.jpg
"Aloha Regal Ruby",Flower,Mandevilla.hybrid.2.2.jpg
"Aloha Regal Ruby",Leaves,Mandevilla.hybrid.2.3.jpg
Angela,"New buds",Alstroemeria.1.1.jpg
Angela,"Young flowers",Alstroemeria.1.2.jpg
Angela,Flower,Alstroemeria.1.3.jpg
Angela,"Winter regrowth",Alstroemeria.1.4.jpg
Angela,"A single plant seems to multiply after Winter",Alstroemeria.1.5.jpg
"Princess Lily Louise","A single plant seems to multiply after Winter",Alstroemeria.2.1.jpg
"Princess Lily Louise","Winter regrowth",Alstroemeria.2.2.jpg
"Princess Lily Louise",Buds,Alstroemeria.2.3.jpg
"Princess Lily Louise","Older buds",Alstroemeria.2.4.jpg
"Princess Lily Louise","Flowers, finally",Alstroemeria.2.5.jpg
"Peruvian Lily",Flower,Alstroemeria.pulchella.1.jpg
"Peruvian Lily",Flowers,Alstroemeria.pulchella.2.jpg
"Peruvian Lily","What remains after flowering",Alstroemeria.pulchella.3.jpg
"Peruvian Lily",Leaf,Alstroemeria.pulchella.4.jpg
"Pine Golden Pippin",Buds,Malus.domestica.pine.golden.pippin.1.jpg
"Pine Golden Pippin",Flowers,Malus.domestica.pine.golden.pippin.2.jpg
"Pine Golden Pippin","Young apple. 4 cm on 2017-01-04",Malus.domestica.pine.golden.pippin.3.jpg
"Pine Golden Pippin",Leaf,Malus.domestica.pine.golden.pippin.5.jpg
"Pitmaston Pine",Leaf,Malus.domestica.pitmaston.pine.2.jpg
"Apple 3","Tree # 1: Flower.<br />Flowers appear before leaves",Malus.domestica.3.1.jpg
"Apple 3","Tree # 1: Tiny fruit",Malus.domestica.3.3.jpg
"Apple 3","Tree # 1: Immature fruit",Malus.domestica.3.4.jpg
"Apple 3","Tree # 1: Leaf",Malus.domestica.3.6.jpg
"Apple 3","Tree # 2: Young fruit.<br />Leaves appear before flowers",Malus.domestica.3.7.jpg
"Apple 3","Tree # 2: Leaf",Malus.domestica.3.8.jpg
Pinkabelle®,"Just planted",Malus.domestica.pinkabelle.1.jpg
Pinkabelle®,"Incipient buds",Malus.domestica.pinkabelle.2.jpg
Pinkabelle®,"Just opened buds",Malus.domestica.pinkabelle.3.jpg
Pinkabelle®,Flower,Malus.domestica.pinkabelle.4.jpg
Pinkabelle®,"Young apple. 4 cm on 2017-01-02",Malus.domestica.pinkabelle.5.jpg
Pinkabelle®,"Maturing apples and new buds,<br />all due to Climate Change.<br />2017-02-04",Malus.domestica.pinkabelle.6.jpg
Pinkabelle®,"Two generations share a branch. 2017-04-03.<br />Large one: 9 cm. Small one: 1.4 cm",Malus.domestica.pinkabelle.7.jpg
Pinkabelle®,"Two generations share a trunk. 2017-04-03.<br />Large one: 7.5 cm. Small one: 1.1 cm",Malus.domestica.pinkabelle.8.jpg
Pinkabelle®,"Fruit still quite young but<br />leaves already turned IndianRed",Malus.domestica.pinkabelle.9.jpg
Leprechaun,"Just planted",Malus.domestica.leprechaun.1.jpg
Leprechaun,"Welcome to Spring",Malus.domestica.leprechaun.2.jpg
Leprechaun,"Flower and buds",Malus.domestica.leprechaun.3.jpg
Leprechaun,"More flowers, on the Autumn Equinox 2017-03-21.<br/>Climate Change strikes again! But will they set?",Malus.domestica.leprechaun.4.jpg
Leprechaun,"Half-grown fruit, some propped up due to<br />being on tiny branches. Second season. 2017-12-21",Malus.domestica.leprechaun.5.jpg
Leprechaun,"Almost mature fruit. 2018-04-02. 6.7 cm = 2.6 in",Malus.domestica.leprechaun.6.jpg
Pompink,Buds,Malus.domestica.pompink.1.jpg
Pompink,"Young apple. 5 cm on 2017-01-04",Malus.domestica.pompink.2.jpg
Pompink,"Half-grown fruit, from above. Second season. 2017-12-21",Malus.domestica.pompink.3.jpg
Pompink,"Tiny tree with 11 fruit. Height: 74 cm = 2 ft 5 in.<br/>Second season. 2017-12-21",Malus.domestica.pompink.4.jpg
Harmony,"Just planted",Malus.domestica.harmony.1.jpg
Harmony,"Reacting to Spring",Malus.domestica.harmony.2.jpg
Harmony,"Leaf. Second season. Still no fruit. 2017-12-21",Malus.domestica.harmony.3.jpg
Harmony,"Tree, not yet 2 years old",Malus.domestica.harmony.4.jpg
Pom-for-You,"Just planted",Malus.domestica.pom-for-you.1.jpg
Pom-for-You,Buds,Malus.domestica.pom-for-you.2.jpg
Pom-for-You,"Just opened buds",Malus.domestica.pom-for-you.3.jpg
Pom-for-You,"Young apple. 6 cm on 2017-01-04",Malus.domestica.pom-for-you.4.jpg
Pom-for-You,"Almost mature apple. 8.5 cm on 2017-03-13.<br />It fell off the tree - still a bit green",Malus.domestica.pom-for-you.5.jpg
Pom-for-You,"Freak ovoid baby apple: 3 cm wide x 3.5 cm long, on 2017-03-21.<br />The tree flowered with the above apple on it,<br />thanx again to Climate Change",Malus.domestica.pom-for-you.6.jpg
Pom-for-You,"The baby again: Now 3.3 cm wide, on 2017-04-03",Malus.domestica.pom-for-you.7.jpg
Pom-for-You,"Half-grown fruit. Second season. 2017-12-21",Malus.domestica.pom-for-you.8.jpg
Columbine,Flower,Aquilegia.mckana.1.jpg
Columbine,"Spurs on petals",Aquilegia.mckana.2.jpg
Columbine,"Leaves.<br />Do not eat",Aquilegia.mckana.3.jpg
"Granny's Bonnet","First bud",Aquilegia.flabellata.var.pumila.alba.1.jpg
"Granny's Bonnet",Flower,Aquilegia.flabellata.var.pumila.alba.2.jpg
"Granny's Bonnet","Seed pod with tiny seeds",Aquilegia.flabellata.var.pumila.alba.3.jpg
"Granny's Bonnet","Leaf, exactly 10  cm (4 in) across",Aquilegia.flabellata.var.pumila.alba.4.jpg
"Granny's Bonnet","There are always 3 leaves per stem",Aquilegia.flabellata.var.pumila.alba.5.jpg
"Granny's Bonnet","I survived Winter",Aquilegia.flabellata.var.pumila.alba.6.jpg
"Arum italicum","Fruiting body in full shade<br />due to being under a fig,<br />and in a sea of violets",Arum.italicum.3.jpg
"Asparagus Fern","Tiny buds",Asparagus.setaceus.1.jpg
"Asparagus Fern","Tiny flowers, about 2.5 mm across",Asparagus.setaceus.2.jpg
"Asparagus Fern",Fonds,Asparagus.setaceus.3.jpg
"Asparagus Fern","In training",Asparagus.setaceus.4.jpg
"Rosa Belton","Pink-lipped lower",Azalea.1.1.jpg
"Rosa Belton","White and pink flowers",Azalea.1.2.jpg
"Rosa Belton","Pure pink flower",Azalea.1.3.jpg
"Rosa Belton",Leaves,Azalea.1.4.jpg
"Azalea 2",Flower,Azalea.2.1.jpg
"Azalea 3",Flower,Azalea.3.1.jpg
"Cherry Candles","Young plant",Banksia.spinulosa.1.jpg
"Cherry Candles",Leaves,Banksia.spinulosa.3.jpg
"Prostrate Banksia","New growth",Banksia.blechnifolia.1.jpg
"Prostrate Banksia",Plant,Banksia.blechnifolia.2.jpg
"Prostrate Banksia","Leaf colours",Banksia.blechnifolia.3.jpg
"Prostrate Banksia","Leaf colours (same plant)",Banksia.blechnifolia.4.jpg
"Prostrate Banksia","Inflorescence (cluster of flowers)",Banksia.blechnifolia.5.jpg
"Genovese Basil",Flowers,Ocimum.basilicum.1.jpg
"Genovese Basil",Leaves,Ocimum.basilicum.2.jpg
"African Basil",Flowers,Ocimum.kilimandscharicum.x.basilicum.dark.opal.1.jpg
"African Basil",Leaves,Ocimum.kilimandscharicum.x.basilicum.dark.opal.2.jpg
"Beacon Silver","Flowers hang like lampshades",Lamium.1.jpg
"Beacon Silver","Flowers multiply as time passes",Lamium.2.jpg
"Beacon Silver","Close-up of flower from below",Lamium.3.jpg
"Beacon Silver","A close-up of the spikes around the flowers",Lamium.4.jpg
"Beacon Silver",Leaf,Lamium.5.jpg
"Beacon Silver","Leaves - All picked at the same time",Lamium.6.jpg
"Beacon Silver","Prostrate habit",Lamium.7.jpg
"Bears breeches",Flowers,Acanthus.mollis.1.jpg
"Bears breeches",Spears,Acanthus.mollis.2.jpg
"Bears breeches",Leaf,Acanthus.mollis.3.jpg
"Adriatic bellflower","Flower - 2.6 cm across",Campanula.garganica.1.jpg
"Adriatic bellflower",Leaf,Campanula.garganica.2.jpg
"Serbian bellflower","Flower - 4.1 cm across",Campanula.poscharskyana.1.jpg
"Serbian bellflower",Leaf,Campanula.poscharskyana.2.jpg
"Big Blue Lilyturf","Shrub, with little flower at the 5:30 position",Liriope.muscari.1.jpg
"Big Blue Lilyturf","Flower - Same as above, close up",Liriope.muscari.2.jpg
"Black Coral Pea","Not quite open - no yellow",Kennedia.nigricans.1.jpg
"Black Coral Pea","Just open",Kennedia.nigricans.2.jpg
"Black Coral Pea","Flowers - black and yellow!",Kennedia.nigricans.3.jpg
"Black Coral Pea",Flowers,Kennedia.nigricans.4.jpg
"Black Coral Pea",Leaf,Kennedia.nigricans.5.jpg
"Blueberry Ash",Flower,Elaeocarpus.reticulatus.1.jpg
"Blueberry Ash","Bunch of flowers",Elaeocarpus.reticulatus.2.jpg
"Blueberry Ash","Tiny fruit",Elaeocarpus.reticulatus.3.jpg
"Blueberry Ash",Leaf,Elaeocarpus.reticulatus.4.jpg
"Blueberry Ash","Leaf with harmless whitish crust like<br />an evaporated salt layer",Elaeocarpus.reticulatus.5.jpg
"Blueberry Ash","Young tree",Elaeocarpus.reticulatus.6.jpg
Bottlebrush,Leaf,Callistemon.viminalis.hybrid.2.jpg
Bracteantha,"Young plant",Bracteantha.1.jpg
Bracteantha,Flower,Bracteantha.2.jpg
Bracteantha,Leaf,Bracteantha.3.jpg
"Butterfly Bush",Flower,Rotheca.myricoides.1.jpg
"Butterfly Bush",Buds,Rotheca.myricoides.2.jpg
"Butterfly Bush","Immature leaves",Rotheca.myricoides.3.jpg
"Butterfly Bush",Leaves,Rotheca.myricoides.4.jpg
"Butterfly Bush",Shrub,Rotheca.myricoides.5.jpg
"Butterfly Iris",Flower,Dietes.1.jpg
"Butterfly Iris",Buds,Dietes.2.jpg
"Butterfly Iris",Leaves,Dietes.3.jpg
Camellia,"Leaf - Top",Camellia.2.jpg
Camellia,"Leaf - Underside (of some leaves)",Camellia.3.jpg
Carnation,Flower,Dianthus.1.jpg
Carnation,Leaves,Dianthus.2.jpg
Celosia,"Flower, immature leaves (green)<br />and mature leaves (purple)",Celosia.1.jpg
"Chilean Jasmine","Flower and buds",Mandevilla.laxa.1.jpg
"Chilean Jasmine","Leaf.<br />The longest leaf is 18 cm (7 in)",Mandevilla.laxa.2.jpg
"Chilean Jasmine","Creeping up the fence",Mandevilla.laxa.3.jpg
"Chilean Jasmine","Seed pods.<br />Length: 31 cm (12.25 in)",Mandevilla.laxa.4.jpg
"Chinese fringe flower",Flower,Loropetalum.chinense.var.rubrum.1.jpg
"Chinese fringe flower","Classic red, green<br />and bronze leaves",Loropetalum.chinense.var.rubrum.2.jpg
"Chinese Lantern","Flower, bud and leaves",Abutilon.hybridum.1.jpg
"Chinese Lantern",Leaves,Abutilon.hybridum.2.jpg
"Chinese witch hazel","Flower, plus red (young)<br />and green (old) leaves",Loropetalum.chinense.1.jpg
"Chinese witch hazel","New (purple) & Old (green) leaves",Loropetalum.chinense.2.jpg
"Chinese witch hazel","Seed pods",Loropetalum.chinense.3.jpg
"Chinese witch hazel","About 5 years old. One of a pair.<br />The 2nd intrudes on the right",Loropetalum.chinense.4.jpg
"Chives 1",Flower,Allium.schoenoprasum.1.jpg
"Chives 1","Salad days",Allium.schoenoprasum.2.jpg
"Chives 2","Stems, technically scapes, are thicker than the other chives stems",Allium.tuberosum.1.jpg
"Chocolate Lily",Flower,Dichopogon.strictus.1.jpg
"Chocolate Lily","Seed heads",Dichopogon.strictus.2.jpg
"Chocolate Lily",Shrub,Dichopogon.strictus.3.jpg
Cumquat,"Fruit. I never see flowers...",Citrus.japonica.1.jpg
Cumquat,"Fruit unpicked for years,<br />i.e. decoration",Citrus.japonica.2.jpg
"Lisbon lemon","Skinned by possums",Citrus.limon.1.jpg
"Lisbon lemon","Citrus gall wasp",Citrus.limon.2.jpg
"Meyer lemon","Budding flowers",Citrus.x.meyeri.1.jpg
"Meyer lemon","Tiny bud",Citrus.x.meyeri.2.jpg
"Meyer lemon","Tiny fruit",Citrus.x.meyeri.3.jpg
"Meyer lemon",Leaf,Citrus.x.meyeri.4.jpg
"Tahiti Lime",Bud,Citrus.x.latifolia.2.jpg
"Tahiti Lime",Leaf,Citrus.x.latifolia.3.jpg
"Tahiti Lime","This is the tree, the whole tree,<br />and nothing but the tree",Citrus.x.latifolia.4.jpg
"Washington Navel Orange","Baby fruit",Citrus.x.sinensis.1.jpg
"Washington Navel Orange",Flower,Citrus.x.sinensis.2.jpg
"Washington Navel Orange",Leaf,Citrus.x.sinensis.3.jpg
"Washington Navel Orange","Fruit (about 3 months old)",Citrus.x.sinensis.4.jpg
"Washington Navel Orange","As you can see from the bricks,<br />this is the tree, the whole tree,<br />and nothing but the tree",Citrus.x.sinensis.5.jpg
"Convolvulus 1",Buds,Convolvulus.cneorum.1.jpg
"Convolvulus 1","Reddening buds",Convolvulus.cneorum.2.jpg
"Convolvulus 1",Flower,Convolvulus.cneorum.3.jpg
"Convolvulus 2",Flower,Convolvulus.sabatius.1.jpg
"Convolvulus 2","Taking over the lillies, Dephinium,<br />Penstemon and Dicliptera",Convolvulus.sabatius.3.jpg
Coriander,Leaf,Coriandrum.sativum.2.jpg
"Corn Salad",Leaves,Valerianella.locusta.2.jpg
"Correa - Orange form","Flower and buds. 2017-03-23",Correa.pulchella.1.jpg
"Correa - Orange form","The same, from above",Correa.pulchella.2.jpg
"Correa - Orange form",Shrub,Correa.pulchella.3.jpg
"Corymbia ficifolia",Leaf,Corymbia.ficifolia.2.jpg
"Corymbia ficifolia","Young tree",Corymbia.ficifolia.3.jpg
"Crepe Myrtle","New leaves",Lagerstromeia.indica.x.l.fauriei.3.jpg
"Crepe Myrtle","Mature leaf",Lagerstromeia.indica.x.l.fauriei.4.jpg
Crowea,Flower,Crowea.saligna.1.jpg
Crowea,Buds,Crowea.saligna.2.jpg
Crowea,Leaf,Crowea.saligna.3.jpg
Daphne,Flower,Daphne.bholua.1.jpg
Daphne,Buds,Daphne.bholua.2.jpg
Daphne,"Shrub, very healthy, facing south-east.<br />It gets a bit of morning sun",Daphne.bholua.3.jpg
Delphinium,"Renewal after Winter",Delphinium.1.jpg
"Dianella prunina",Shrub,Dianella.prunina.dp303.2.jpg
"Diplarrena latifolia",Flower,Diplarrena.latifolia.1.jpg
"Diplarrena latifolia",Shrub,Diplarrena.latifolia.2.jpg
"Dwarf Crown of Thorns",Flowers,Euphorbia.milii.1.jpg
"Dwarf Crown of Thorns",Thorns,Euphorbia.milii.2.jpg
"Dwarf Crown of Thorns",Leaf,Euphorbia.milii.3.jpg
"Dwarf Crown of Thorns","Two-toned young leaf",Euphorbia.milii.4.jpg
"Elephant bush","Tiny flowers",Portulacaria.afra.1.jpg
"Elephant bush",Leaves,Portulacaria.afra.2.jpg
Elephant-ear,"A spadix and it's surrounding spathe.<br />Length: 11.4 cm (4.5 in)",Colocasia.1.jpg
Elephant-ear,"Immature spadix, just turning pink and white",Colocasia.2.jpg
Elephant-ear,"Leaf.<br />Length: 61.2 cm (24.1 in)",Colocasia.3.jpg
Elephant-ear,"Recovering from a prune",Colocasia.4.jpg
Elephant-ear,"Darker leaves, living under the fig",Colocasia.5.jpg
"Eremorphila nivea",Flower,Eremorphila.nivea.1.jpg
"Eremorphila nivea",Shrub,Eremorphila.nivea.2.jpg
Eutaxia,"Young plant",Eutaxia.obovata.nana.1.jpg
Eutaxia,"A branch",Eutaxia.obovata.nana.2.jpg
Eutaxia,Leaf,Eutaxia.obovata.nana.3.jpg
"False sarsaparilla",Flower,Hardenbergia.violacea.1.jpg
"False sarsaparilla",Leaf,Hardenbergia.violacea.2.jpg
Fig,Buds,Ficus.carica.2.jpg
Fig,Post-Winter,Ficus.carica.3.jpg
Fig,Leaf,Ficus.carica.4.jpg
Firebird,Bud,Penstemon.cv.1.jpg
Firebird,"Bud in context",Penstemon.cv.2.jpg
Firebird,Flower,Penstemon.cv.3.jpg
Firebird,"Flowers, more beautiful with age",Penstemon.cv.4.jpg
Firebird,Leaves,Penstemon.cv.5.jpg
Firebird,Shrub,Penstemon.cv.6.jpg
"Heart-Leaf Flame Pea","Simply, a beautiful flower",Chorizema.cordatum.1.jpg
"Heart-Leaf Flame Pea",Leaf,Chorizema.cordatum.2.jpg
"Flame Pea",Flower,Chorizema.varium.1.jpg
"Flame Pea","A small but typically spikey leaf",Chorizema.varium.2.jpg
"Forest Pansy",Flower,Cercis.canadensis.1.jpg
"Fountain Grass",Flowers,Pennisetum.setaceum.1.jpg
"Fountain Grass",Stalks,Pennisetum.setaceum.2.jpg
Fuchsia,Flower,Fuchsia.1.1.jpg
Fuchsia,"Bud and leaf",Fuchsia.1.2.jpg
'Coralle',Flowers,Fuchsia.2.1.jpg
'Coralle',Leaf,Fuchsia.2.2.jpg
'Coralle',Shrub,Fuchsia.2.3.jpg
"Garden heliotrope",Bud,Heliotropium.arborescens.2.jpg
"Garden heliotrope","Just opening",Heliotropium.arborescens.3.jpg
"Garden heliotrope",Finally,Heliotropium.arborescens.4.jpg
"Garden heliotrope",Leaf,Heliotropium.arborescens.5.jpg
Gazania,"Flower # 1",Gazania.1.jpg
Gazania,"Flowers # 2, 3: Immature flower (on left) and mature one, on same plant",Gazania.2.jpg
Gazania,"Leaves: Note 2 shapes (linear, pinnatifid) on the same plant",Gazania.3.jpg
"Glory Bush",Flower,Tibouchina.urvilleana.1.jpg
"Glory Bush","Buds - From 1 side",Tibouchina.urvilleana.2.jpg
"Glory Bush","Same buds - From the other side",Tibouchina.urvilleana.3.jpg
"Glory Bush",Leaf,Tibouchina.urvilleana.4.jpg
"Glory Bush",Trunks,Tibouchina.urvilleana.5.jpg
"Glory Bush","Trunk at ground level",Tibouchina.urvilleana.6.jpg
"Goji Berry Plant","Fruit of a young tree",Lycium.barbarum.1.jpg
"Goji Berry Plant","Spindly leaves on a spindly plant",Lycium.barbarum.3.jpg
"Golden arum lily",Flower,Zantedeschia.elliottiana.1.jpg
"Golden arum lily",Leaf,Zantedeschia.elliottiana.2.jpg
Goldfussia,"New growth",Strobilanthes.anisophyllus.1.jpg
Goldfussia,"Old growth",Strobilanthes.anisophyllus.2.jpg
Goldfussia,"Whole shrub. About 5 years old",Strobilanthes.anisophyllus.3.jpg
'Goldfever',Flower,Grevillea.1.2.jpg
'Goldfever',Leaf,Grevillea.1.3.jpg
"Lady 'O'","Very young plant",Grevillea.2.1.jpg
"'Lemon Daze'",Flower,Grevillea.3.2.jpg
"'Lemon Daze'",Leaf,Grevillea.3.3.jpg
'Fireworks',Buds,Grevillea.4.1.jpg
'Fireworks',Flowers,Grevillea.4.2.jpg
'Fireworks',"Young plant",Grevillea.4.3.jpg
"'Honeyeater Heaven'",Flowers,Grevillea.lanigera.1.jpg
"'Honeyeater Heaven'","Young plant",Grevillea.lanigera.2.jpg
"Heavenly Bamboo",Leaves,Nandina.domestica.1.jpg
"Christmas rose","Green flower",Helleborus.argutifolius.1.jpg
"Christmas rose","Pink flower",Helleborus.argutifolius.2.jpg
"Hellebore 2","Leaves + bud",Helleborus.foetidus.1.jpg
"Hellebore 2",Flowers,Helleborus.foetidus.2.jpg
"Hellebore 2","Flowers - opening",Helleborus.foetidus.3.jpg
"Hellebore 2","Empty nest",Helleborus.foetidus.4.jpg
"Hellebore 2",Shrub,Helleborus.foetidus.5.jpg
'Obsidian',"Tiny flowers, 2 or 3 mm across",Heuchera.1.1.jpg
'Obsidian',"Front and back of leaves.<br />Note the tiny flowers at about the 2pm position",Heuchera.1.2.jpg
'Obsidian',"Young purple flowers turn green as they age",Heuchera.1.3.jpg
'Obsidian',"1 of 4 plants survived Winter",Heuchera.1.4.jpg
"Coral bells","Tiny flowers look something like...",Heuchera.2.1.jpg
"Coral bells",Leaf,Heuchera.2.2.jpg
"Climbing Guinea Flower",Flower,Hibbertia.scandens.1.jpg
"Climbing Guinea Flower",Buds,Hibbertia.scandens.2.jpg
"Climbing Guinea Flower","Taking over the fence.<br />Ignore the jasmine in the background",Hibbertia.scandens.3.jpg
"Climbing Guinea Flower",Leaf,Hibbertia.scandens.4.jpg
"Hoary Guinea Flower",Flower,Hibbertia.obtusifolia.1.jpg
"Hoary Guinea Flower",Shrub,Hibbertia.obtusifolia.2.jpg
Hibiscus,"Flower. Note the purple, 5-armed stigma.<br />I have not seen this in any on-line photo",Alyogyne.huegelii.1.1.jpg
Hibiscus,"Flower, buds and leaves",Alyogyne.huegelii.1.2.jpg
Hibiscus,"Zigzag trunk. It's horizontal, and should have been staked",Alyogyne.huegelii.1.3.jpg
"West Coast Gem",Bud,Alyogyne.huegelii.2.1.jpg
"West Coast Gem","Young flower",Alyogyne.huegelii.2.2.jpg
"West Coast Gem",Flower,Alyogyne.huegelii.2.3.jpg
"West Coast Gem","Young flower (bright purple) and <br />old flowers (dark, crimpled)",Alyogyne.huegelii.2.4.jpg
"West Coast Gem",Leaf,Alyogyne.huegelii.2.5.jpg
"West Coast Gem","Young plant",Alyogyne.huegelii.2.6.jpg
"Rose mallow",Flower,Hibiscus.1.jpg
"Rose mallow","Bud and leaf",Hibiscus.2.jpg
"Rose mallow",Infestation,Hibiscus.3.jpg
"Himalayan Knotweed","Winter dieback",Persicaria.affinis.1.jpg
"Himalayan Knotweed","Winter regrowth",Persicaria.affinis.2.jpg
Honesty,"Seed pod. Called 'silver dollars', etc when dried",Lunaria.annua.1.jpg
Honesty,"Leaf. Compared to the brick, this is quite large,<br />given the plant is only 47 cm (18.5 in) high",Lunaria.annua.2.jpg
Honeysuckle,Flowers,Lonicera.periclymenum.1.jpg
Honeysuckle,Leaf,Lonicera.periclymenum.2.jpg
"Hummingbird Plant",Flower,Dicliptera.suberecta.1.jpg
"Hummingbird Plant","Flowers mature and upcoming",Dicliptera.suberecta.2.jpg
"Hummingbird Plant","Shrub in bloom",Dicliptera.suberecta.3.jpg
"Hummingbird Plant",Leaf,Dicliptera.suberecta.4.jpg
Hydrangea,Flower,Hydrangea.1.jpg
Hydrangea,"Part-open flower and leaves",Hydrangea.2.jpg
"'Golden Nugget'","Leaves of various ages",Hymenosporum.3.jpg
"'Golden Nugget'","Just-planted shrub",Hymenosporum.4.jpg
"Algerian Iris",Flower,Iris.unguicularis.1.jpg
"Algerian Iris",Leaves,Iris.unguicularis.2.jpg
Iris,Flower,Iris.unknown.1.jpg
"Isopogon latifolius",Flower,Isopogon.latifolius.1.jpg
"Isopogon latifolius","The same flower weeks later",Isopogon.latifolius.2.jpg
Ivy,"Youngish leaves",Hedera.1.jpg
Ivy,"Mature leaves",Hedera.2.jpg
Ivy,"Root under brick gutter",Hedera.3.jpg
Jacaranda,Buds,Jacaranda.mimosifolia.1.jpg
Jacaranda,Flower,Jacaranda.mimosifolia.2.jpg
Jacaranda,Leaves,Jacaranda.mimosifolia.3.jpg
"Japanese maple","Seed pods",Acer.palmatum.1.jpg
"Japanese maple","Mature leaf",Acer.palmatum.2.jpg
"Japanese maple","Immature leaf",Acer.palmatum.3.jpg
"Japanese maple","Classic manifold trunk separating low down",Acer.palmatum.4.jpg
"Japanese Spiraea",Flower,Spiraea.japonica.1.jpg
"Japanese Spiraea",Leaf,Spiraea.japonica.2.jpg
"Japanese Spiraea","Planted beside a cement strip in the drive,<br />the shadow shows part which grew down<br />and the part which grew across the drive under bark and dirt",Spiraea.japonica.3.jpg
"Bush Bonanza",Flower,Anigozanthos.hybrid.syn.rambubona.kangaroo.paw.1.jpg
"Bush Bonanza","Real flower",Anigozanthos.hybrid.syn.rambubona.kangaroo.paw.2.jpg
"Bush Crystal",Flower,Anigozanthos.hybrid.kangaroo.paw.1.jpg
"Bush Pearl",Flower,Anigozanthos.hybrid.1.jpg
"Bush Diamond",Flower,Anigozanthos.hybrid.syn.rambodiam.1.jpg
"Green Kangaroo Paw",Flower,Anigozanthos.viridis.1.jpg
Kunzea,"Young plant",Kunzea.baxterii.nana.1.jpg
Kunzea,Leaf,Kunzea.baxterii.nana.3.jpg
"Land cress",Flowers,Barbarea.verna.1.jpg
"Land cress",Leaves,Barbarea.verna.2.jpg
Lechenaultia,Flowers,Lechenaultia.1.jpg
Lily,Flower,Lilium.1.jpg
Lily,Flower,Lilium.2.jpg
Lily,Flower,Lilium.3.jpg
Lily,"Flower and buds",Lilium.4.jpg
Lily,"Buds. Note color change as they age",Lilium.5.jpg
Lily,Leaves,Lilium.6.jpg
Lily,"Leaning toward to afternoon sun",Lilium.7.jpg
Lily,"General appearance",Lilium.8.jpg
"Long-leaf Wax Flower",Flower,Philotheca.myoporoides.1.jpg
"Long-leaf Wax Flower",Buds,Philotheca.myoporoides.2.jpg
"Long-leaf Wax Flower","Leaf and stem",Philotheca.myoporoides.3.jpg
Marigold,Bud,Tagetes.erecta.1.jpg
Marigold,Flower,Tagetes.erecta.2.jpg
Marigold,Flower,Tagetes.erecta.3.jpg
Marigold,Flower,Tagetes.erecta.4.jpg
Marigold,Leaves,Tagetes.erecta.5.jpg
"Marmalade Bush",Flowers,Streptosolen.jamesonii.1.jpg
"Marmalade Bush",Leaves,Streptosolen.jamesonii.2.jpg
"Marmalade Bush","Welcome visitor",Streptosolen.jamesonii.3.jpg
"Mexican Mock Orange","Flower. Has a beautiful aroma",Philadelphus.mexicanus.1.jpg
"Mexican Mock Orange",Leaves,Philadelphus.mexicanus.2.jpg
Monstera,"An immature spadix and its surrounding spathe.<br />Length of spadix: 9.4 cm (3.7 in)",Monstera.deliciosa.1.jpg
Monstera,"A more mature spadix. Its spathe has fallen off",Monstera.deliciosa.2.jpg
Monstera,Leaf,Monstera.deliciosa.3.jpg
"Morning Glory","Flower and bud",Ipomoea.lacunosa.1.jpg
"Morning Glory","Leaf.<br />The longest leaf is 19 cm (7.5 in)",Ipomoea.lacunosa.2.jpg
"Morning Glory","Taking over a Tamarix",Ipomoea.lacunosa.3.jpg
Mugwort,"Flowers - up close",Artemisia.vulgaris.1.jpg
Mugwort,"Flowers - 1 stalk's worth",Artemisia.vulgaris.2.jpg
Mugwort,"As delivered",Artemisia.vulgaris.3.jpg
Mugwort,"The plant at 1 year old",Artemisia.vulgaris.4.jpg
Narcissus,Flower,Narcissus.papyraceus.1.jpg
Narcissus,Leaves,Narcissus.papyraceus.2.jpg
Nasturtium,Flower,Tropaeolum.majus.1.jpg
Nasturtium,"Flower. This is the creeper",Tropaeolum.majus.2.jpg
Nasturtium,Growths,Tropaeolum.majus.3.jpg
Nasturtium,"Growths in situ",Tropaeolum.majus.4.jpg
Nasturtium,"Using Chilean Jasmine as a lattice",Tropaeolum.majus.5.jpg
Nasturtium,"Overload (Not my house!)",Tropaeolum.majus.6.jpg
Nierembergia,Flower,Nierembergia.1.jpg
Nierembergia,Leaves,Nierembergia.2.jpg
Oregano,Leaves,Origanum.vulgare.1.jpg
Parsley,"Flat leaf (Italian)",Petroselinum.crispum.1.jpg
Parsley,"Curly leaf",Petroselinum.crispum.2.jpg
"Passionfruit Daisy",Flower,Tagetes.sp.1.jpg
"Passionfruit Daisy",Leaves,Tagetes.sp.2.jpg
"Passionfruit Daisy","Tree (2 years old)",Tagetes.sp.3.jpg
"Passionfruit Daisy","Tree (2 years 3 months)",Tagetes.sp.4.jpg
Pelargonium,Flowers,Pelargonium.1.jpg
Pelargonium,Leaves,Pelargonium.2.jpg
Pennywort,Leaves,Centella.asiatica.2.jpg
"Perezii Blue","Flowers (with cabbage moth)",Limonium.perezii.1.jpg
"Perezii Blue",Leaves,Limonium.perezii.2.jpg
"Dogsbane","Flowers, from a garden down the road.<br />My plant was too shaded to flower",Plectranthus.caninus.1.jpg
"Dogsbane",Leaves,Plectranthus.caninus.2.jpg
"Dogsbane","New bud",Plectranthus.caninus.3.jpg
"Dogsbane","New bud, again, slowly opening",Plectranthus.caninus.4.jpg
"Plectranthus ecklonii 1","Immature flowers",Plectranthus.ecklonii.1.1.jpg
"Plectranthus ecklonii 1","Mature flowers",Plectranthus.ecklonii.1.2.jpg
"Plectranthus ecklonii 1","Mature flowers",Plectranthus.ecklonii.1.3.jpg
"Plectranthus ecklonii 1",Leaf,Plectranthus.ecklonii.1.4.jpg
"Plectranthus ecklonii 1",Shrub,Plectranthus.ecklonii.1.5.jpg
"Plectranthus ecklonii 2","Flowers about to emerge",Plectranthus.ecklonii.2.1.jpg
"Plectranthus ecklonii 2",Flowers,Plectranthus.ecklonii.2.2.jpg
"Plectranthus ecklonii 2","Leaves of various ages",Plectranthus.ecklonii.2.3.jpg
"Plectranthus ecklonii 2",Shrub,Plectranthus.ecklonii.2.4.jpg
"Plectranthus saccatus","Dainty flowers",Plectranthus.saccatus.1.jpg
"Plectranthus saccatus","Young flowers",Plectranthus.saccatus.2.jpg
"Plectranthus saccatus","Leaf from above",Plectranthus.saccatus.3.jpg
"Plectranthus saccatus","Leaf from below",Plectranthus.saccatus.4.jpg
"Plectranthus saccatus",Shrub,Plectranthus.saccatus.5.jpg
"Red Japanese Spinach","New shrub",Brassica.rapa.var.perviridis.red.1.jpg
"Rice Flower 'Cosmic'","Flower head",Ozothamnus.1.jpg
"Rice Flower 'Cosmic'","Little shrub",Ozothamnus.2.jpg
"Pale Pink Rice Flower",Flower,Pimelea.rosea.1.jpg
"Pale Pink Rice Flower",Shrub,Pimelea.rosea.2.jpg
"Rose 1","Rose # 1: Reddish pink. Flower.<br />This is a long-stemmed rose.<br />It has virtually no aroma.<br />One stem has grown 2 m since April's pruning. It's now early December",Rosa.1.1.jpg
"Rose 1","Rose # 1: Reddish pink. Leaf",Rosa.1.3.jpg
"Rose 2","Rose # 2: Deep pink. Flower.<br />This is a long-stemmed rose.<br />It has a beautiful aroma",Rosa.2.1.jpg
"Rose 2","Rose # 2: Deep pink. Flower - Almost open",Rosa.2.2.jpg
"Rose 2","Rose # 2: Deep pink. Leaf",Rosa.2.3.jpg
"Rose 3","Rose # 3: Pink. Flower.<br />This is a short-stemmed rose<br />It has a powerful and beautiful aroma",Rosa.3.1.jpg
"Rose 3","Rose # 3: Pink - Partially open",Rosa.3.2.jpg
"Rose 3","Rose # 3: Pink - Leaf",Rosa.3.3.jpg
"Rose 4","Rose # 4: Crimson. Flower",Rosa.4.1.jpg
"Rose 4","Rose # 4: Crimson. Leaf",Rosa.4.2.jpg
Rosemary,Buds,Rosmarinus.officinalis.1.jpg
Rosemary,Flowers,Rosmarinus.officinalis.2.jpg
"Common sage",Flower,Salvia.officinalis.1.jpg
"Common sage",Leaf,Salvia.officinalis.2.jpg
Bethellii,Flower,Salvia.involucrata.2.1.jpg
Bethellii,Leaves,Salvia.involucrata.2.2.jpg
Bethellii,Stalks,Salvia.involucrata.2.3.jpg
Sage,Flower,Salvia.involucrata.3.1.jpg
Sage,Buds,Salvia.involucrata.3.2.jpg
Sage,Flowers,Salvia.involucrata.3.3.jpg
Sage,Leaf,Salvia.involucrata.3.4.jpg
"Bee sage","As delivered from Queensland",Salvia.apiana.1.jpg
"Siegfredia darwinioides",Flower,Siegfredia.darwinioides.1.jpg
"Siegfredia darwinioides","Leaves, green on top and fawn underneath",Siegfredia.darwinioides.2.jpg
"Siegfredia darwinioides","Small shrub",Siegfredia.darwinioides.3.jpg
"Silver lace bush",Flower,Tanacetum.ptarmiciflorum.1.jpg
"Silver lace bush",Leaf,Tanacetum.ptarmiciflorum.2.jpg
"Silver lace bush","Little shrub",Tanacetum.ptarmiciflorum.3.jpg
"Silver lace bush","Finally, buds",Tanacetum.ptarmiciflorum.4.jpg
"Silver lace bush","Flowering, but only on the sunny side",Tanacetum.ptarmiciflorum.5.jpg
"Silver lace bush","Flowering on the sunny side, not on the other",Tanacetum.ptarmiciflorum.6.jpg
"Smoke Tree","Mature leaf - Top",Cotinus.coggygria.1.jpg
"Smoke Tree","Mature leaf - Bottom",Cotinus.coggygria.2.jpg
"Smoke Tree","Immature leaf - Top",Cotinus.coggygria.3.jpg
"Smoke Tree","Immature leaf - Bottom",Cotinus.coggygria.4.jpg
"Smoke Tree","Tree, above Nandina, on south side of Japanese maple<br />which blocks its sun",Cotinus.coggygria.5.jpg
"Snake bean",Leaves,Vigna.unguiculata.subsp.sesquipedalis.2.jpg
Spearmint,Leaves,Mentha.spicata.1.jpg
Spearmint,"Planning to flower",Mentha.spicata.2.jpg
"Spiked mint-bush",Flower,Prostanthera.phylicifolia.1.jpg
"Spiked mint-bush","Tiny shrub",Prostanthera.phylicifolia.2.jpg
"Spinach Beet",Leaf,Beta.vulgaris.1.jpg
"Spinach Beet","Flower stalks",Beta.vulgaris.2.jpg
"Spring Snowflake",Flower,Leucojum.vernum.1.jpg
"Spring Snowflake",Leaves,Leucojum.vernum.2.jpg
"Sweet Lilli","Flowers and buds",Agastache.aurantiaca.1.jpg
"Sweet Lilli",Leaves,Agastache.aurantiaca.2.jpg
"Sweet Lilli","Already very tall",Agastache.aurantiaca.3.jpg
"Tamarix aphylla",Flowers,Tamarix.aphylla.1.jpg
"Tamarix aphylla",Leaves,Tamarix.aphylla.2.jpg
"Tamarix aphylla",Trunk,Tamarix.aphylla.3.jpg
"Tamarix aphylla","Root, with banded ivy roots nearby",Tamarix.aphylla.4.jpg
Tansy,"New shrub",Tanacetum.vulgare.1.jpg
"Tea Tree 1","New growth",Leptospermum.obovatum.anisophyllea.1.jpg
"Tea Tree 1","Old growth",Leptospermum.obovatum.anisophyllea.2.jpg
"Tea Tree 2","Aging and old flowers",Leptospermum.1.jpg
"Tea Tree 2",Leaves,Leptospermum.2.jpg
"Tea Tree 2","Young tree",Leptospermum.3.jpg
"Thelionema caespitosum",Flower,Thelionema.caespitosum.1.jpg
"Thelionema caespitosum",Shrub,Thelionema.caespitosum.3.jpg
Turmeric,"Leaves (as delivered)",Curcuma.longa.2.jpg
"Vietnamese Mint","Flowers - 1.0cm wide",Persicaria.odarata.1.jpg
"Vietnamese Mint",Leaf,Persicaria.odarata.2.jpg
"Vietnamese Mint",Shrub,Persicaria.odarata.3.jpg
"Viola 1",Flower,Viola.tricolor.1.jpg
"Viola 2",Flower,Viola.x.wittrockiana.1.jpg
"Viola 2",Leaf,Viola.x.wittrockiana.2.jpg
"Viola 3",Flower,Viola.1.jpg
"Viola 3",Leaf,Viola.2.jpg
"Viola 3","Flower from another plant",Viola.3.jpg
"Viola 3","Yet another plant",Viola.4.jpg
"Viola 3","And another plant",Viola.5.jpg
"White Cane Begonia",Flower,Begonia.hybrid.1.jpg
"White Cane Begonia","Flower and Sepal",Begonia.hybrid.2.jpg
"White Cane Begonia",Leaf,Begonia.hybrid.3.jpg
"White Cane Begonia",Trunks,Begonia.hybrid.4.jpg
"White Gaura",Flower,Oenothera.lindheimeri.1.jpg
"White Gaura",Leaf,Oenothera.lindheimeri.2.jpg
Wisteria,"Leaves of various ages",Wisteria.3.jpg
"Woolly Bush","Tiny flower, if you can find it<br />buried in the foliage",Adenanthos.sericeus.1.jpg
"Woolly Bush",Flower,Adenanthos.sericeus.2.jpg
"Woolly Bush","Young tree",Adenanthos.sericeus.3.jpg
Wormwood,"Leaves. Not enough sun to flower",Artemisia.3.jpg
"Wulfen Spurge","Flowers just developing",Euphorbia.characias.subsp.wulfenii.1.jpg
"Wulfen Spurge","Flowers still developing",Euphorbia.characias.subsp.wulfenii.2.jpg
"Wulfen Spurge",Flowers!,Euphorbia.characias.subsp.wulfenii.3.jpg
"Wulfen Spurge","The plant as a baby",Euphorbia.characias.subsp.wulfenii.4.jpg
"Wulfen Spurge","Leaves from above",Euphorbia.characias.subsp.wulfenii.5.jpg
"Wulfen Spurge","Leaves from below",Euphorbia.characias.subsp.wulfenii.6.jpg
"Wulfen Spurge","Flowers with vistor",Euphorbia.characias.subsp.wulfenii.7.jpg
Yarrow,Flowers,Archillea.millifolium.1.jpg
Yarrow,"As delivered from Queensland",Archillea.millifolium.2.jpg
"Zion Red",Flower,Osteospermum.ecklonis.1.jpg
"Zion Red",Buds,Osteospermum.ecklonis.2.jpg
