common_name,note
"Princess Lily Louise","This flowers a week or so before 'Angela'"
"Peruvian Lily","Flowering from Christmas with red and green blooms this tuberous perennial spreads quickly to form clumps"
"Peruvian Lily","Best in shade or part-shade"
"Peruvian Lily","Supplier: Rippon Lea Estate"
"Pine Golden Pippin","Heritage semi-dwarf"
"Pine Golden Pippin","Origin: UK 1861"
"Pine Golden Pippin","A really fantastic & distinctive apple"
"Pine Golden Pippin","Medium-sized, golden, russetted fruits ripen mid-season"
"Pine Golden Pippin","Has juicy, sweet flesh with a rich and aromatic tang, unlike any other apple"
"Pine Golden Pippin","2017-05-20. First ever apple picked, but a bit overripe and no pineapple taste"
"Pine Golden Pippin","Harvest: Early May"
"Pine Golden Pippin","Supplier: Rippon Lee Estate"
"Pitmaston Pine","Heritage semi-dwarf"
"Pitmaston Pine","Origin: England 1845"
"Pitmaston Pine","A small, golden yellow fruit with much russetting"
"Pitmaston Pine","Excellent flavour, described as sweet honey or pineapple-like"
"Pitmaston Pine","A century ago was lauded for it distict & delicious flavour"
"Pitmaston Pine","One for connoisseurs"
"Pitmaston Pine","Supplier: Rippon Lee Estate"
"Apple 3","Status: Defunct"
Pinkabelle®,"This is a dwarf variety of Cripps Pink PinkabelleÂ®. It fruits in early May"
Pinkabelle®,"It bears exceptional amounts of large bright pink apples"
Pinkabelle®,"Pinkabelle® is partially self fruitful, but benefits from cross pollination"
Pinkabelle®,"Leprechaun is the ideal partner, but also other varieties such as Gala, Delicious, Fuji and Crab apples"
Pinkabelle®,"Good for tubs"
Pinkabelle®,"Flowers in 8-10 weeks are bare-rooted planting"
Pinkabelle®,"2017-05-09. Damaged apple picked but not quite ripe"
Pinkabelle®,"2017-05-11. Undamaged apple falls off tree. Very slightly overripe"
Pinkabelle®,"Harvest: Early May"
Pinkabelle®,"Supplier: Just Fruit Trees"
Leprechaun,"This is a dwarf variety of Granny Smith. It fruits in late April"
Leprechaun,"It bears exceptional amounts of large large green apples"
Leprechaun,"Leprechaun is partially self fruitful, but benefits from cross pollination"
Leprechaun,"PinkabelleÂ® is the ideal partner, but also other varieties such as Gala, Delicious, Fuji and Crab apples"
Leprechaun,"Good for tubs"
Leprechaun,"Supplier: Just Fruit Trees"
Pompink,"This is a columnar apple. It fruits from March to April"
Pompink,"It produces full-sized apples with a light red striped blush with a green background"
Pompink,"The apples are crisp, juicy and sharp but sweet tasting"
Pompink,"Suggested pollinators: Pom-for-You, Harmony and PinkabelleÂ®"
Pompink,"Good for tubs. Can be planted against a fence"
Pompink,"Flowers in 8-10 weeks are bare-rooted planting"
Pompink,"Harvest: March .. April"
Pompink,"Supplier: Just Fruit Trees"
Harmony,"This is a columnar apple. It fruits from March to April"
Harmony,"It produces medium-sized round fruit with a golden skin"
Harmony,"It is an excellent eating apple, with creamy white flesh which is crisp, sweet and juicy"
Harmony,"Suggested pollinators: Pom-for-You, Pompink and PinkabelleÂ®"
Harmony,"Good for tubs. Can be planted against a fence"
Harmony,"Supplier: Just Fruit Trees"
Pom-for-You,"This is a columnar apple. It fruits in March"
Pom-for-You,"It produces full-sized apples which have a 70% red stripe blush with a green background"
Pom-for-You,"It is crisp, juciy and sharp but sweet tasting"
Pom-for-You,"Suggested pollinators: Pompink, Harmony and PinkabelleÂ®"
Pom-for-You,"Good for tubs. Can be planted against a fence"
Pom-for-You,"Flowers in 8-10 weeks are bare-rooted planting"
Pom-for-You,"Supplier: Just Fruit Trees"
Columbine,"The lilac things are sepals aka calyxes"
Columbine,"Flowering: 2011-11-14, in the Spring (Melbourne, Victoria, Australia)"
Columbine,"The leaves of this plant look extremely like parsley, but may be poisonous"
Columbine,"The plant's seeds and roots are highly poisonous however, and contain cardiogenic toxins"
Columbine,"See also Aquilegia Dragonfly and Aquilegia coerulea"
Columbine,"Status: Defunct"
"Granny's Bonnet","Lovely white flowering compact plant"
"Granny's Bonnet","Requires part shade for Spring flowers"
"Granny's Bonnet","Height: 20cm"
"Granny's Bonnet","The leaves of this plant look extremely like parsley (despite the size), but may be poisonous"
"Granny's Bonnet","The plant's seeds and roots are highly poisonous however, and contain cardiogenic toxins"
"Granny's Bonnet","Supplier: Rippon Lea Estate"
"Cherry Candles","Breeder and Marketer: <a href = 'austraflora.com'>austraflora.com</a>"
"Cherry Candles","Status: Defunct"
"Prostrate Banksia","This is an excellent example of Australia's heritage of drought-tolerant plants that are versatile enough to be grown on the East coast of Australia"
"Prostrate Banksia","It is a beutiful low-growing garden shrub, with a most spectacular display of red/pink Banksia flowers"
"Prostrate Banksia","Originating from Lake King in Western Australia, it is a highly adaptable species flowering from September through to February"
"Prostrate Banksia","Honeyeaters and native bees find this beautiful plant hard to resist and congregate en masse throughout the flowering season"
"Prostrate Banksia","The fern-like foliage is an added bonus when the plant is not in flower"
"Prostrate Banksia","It grows and flowers best in a well-drained soil with full sun and ample air movement around the plant"
"Prostrate Banksia","It is also quite happy in lime soils"
"Prostrate Banksia","It responds well to pruning after flowering to maintain plant shape and encourage more prolific flowering the following year"
"Prostrate Banksia","If the soil is poorly drained a raised garden bed is recommended"
"Prostrate Banksia","Alternatively it makes a fine large pot specimen, when used with a premium Australian native potting mix"
"Prostrate Banksia","It is a hardy plant tolerating extended dry periods and heavy frosts"
"Prostrate Banksia","After establishment in the ground, it requires no extra watering"
"Prostrate Banksia","Butterfly attracting. Full sun. Frost tolerant"
"Prostrate Banksia","Marketed by Tarrawood Native Nursery"
"Genovese Basil",Herb
"Genovese Basil","Plant 30cm apart"
"Genovese Basil","Companions: Eggplant, Fuchsias and Tomatoes"
"Genovese Basil","Supplier: Botanical Creations"
"African Basil",Herb
"African Basil","Rich, light, well-drained to dry soil in sun"
"African Basil","Slugs, aphids, white fly, spider mites and Botrytis may attack plants"
"African Basil","Protect in Winter"
"African Basil","A tasty all round Basil that is used the same as Sweet Basil"
"African Basil","Leaves are used with tomatoes and tomato flavoured dishes, pasta sauces, vegetables especially beans, peppers, and eggplant, soups and stuffing for duck"
"African Basil","In folk medicine practices it is thought to have therapeutic properties"
"African Basil","Supplier: <a href = 'https://acornnursery.com.au/'>Acorn Nursery<a/>"
"Beacon Silver","A classic evergreen for shade - part shade"
"Beacon Silver","Forms a spreading carpet"
"Beacon Silver","Pink blooms are produced mostly in Spring but will continue until Autumn"
"Beacon Silver","Hardy once established"
"Beacon Silver","15cm x 30cm"
"Beacon Silver","Supplier: Rippon Lea Estate"
"Serbian bellflower","A great little groundcover that forms a carpet of lilac-blue flowers right thru the warm months"
"Serbian bellflower","Happy in shade or all but the hottest sun, it is fast growing and surprisingly tough"
"Serbian bellflower","Supplier: Rippon Lea Estate"
"Big Blue Lilyturf","Flowering: 2012-03-20, in Summer (Melbourne, Victoria, Australia)"
"Black Coral Pea","A vigorous climber with twining stems carrying striking pea-flowers from Winter to Summer"
"Black Coral Pea","The violet-purple or black flowers have a greenish-yellow blotch"
"Black Coral Pea","A hardy climber suitable for screening large areas"
"Black Coral Pea","Not recommended for small areas or weak supporting frames"
"Black Coral Pea","Useful groundcover for embankments"
"Black Coral Pea","Attracts nectar feeding birds"
"Black Coral Pea","Best grown in a sunny to partly shaded position in well drained soil"
"Black Coral Pea","Tolerates periods of drought, light frost and poor soils"
"Black Coral Pea","Prune after flowering to maintain compact growth"
"Black Coral Pea","Good for coastal conditions"
"Black Coral Pea","Supplier: <a href = 'http://www.kuranga.com.au/'>Kuranga Native Nursery</a>"
"Blueberry Ash","Blueberry Ash is an evergreen tall shrub/small tree that is native to the east coast of Australia from Queensland to Tasmania"
"Blueberry Ash","It is a hardy plant that will grow best in a moist, well drained soil, but will survive in conditions that are less than favourable"
"Blueberry Ash","Blueberry Ash has dense green foliage that responds well to pruning and will make an excellent hedging/screening plant"
"Blueberry Ash","When planted in a favourable spot in the garden it will grow to approximately 5m"
"Blueberry Ash","Blueberry Ash will also grow well in large tubs or containers"
"Blueberry Ash","This particular selected form of Elaeocarpus has masses of small, pink, bell-shaped flowers that display in Spring/Summer, which are aniseed sented"
"Blueberry Ash","Small colorful blue berries follow which will attract native birds"
"Blueberry Ash","An interesting feature is a fine, whitish crust of film resembling an evaporated salt layer that appears on the surface of some leaves"
"Blueberry Ash","Blueberry Ash will tolerate light frost once established, and is suitable for coastal conditions"
"Blueberry Ash","For best results fertilize in early Spring, and prune to shape when required"
"Blueberry Ash","Frost tolerant"
"Blueberry Ash","Supplier: <a href = 'http://pinewoodnursery.com.au/'>Pinewood Nursery</a>"
"Blueberry Ash","Â© Norwood"
Bottlebrush,Dwarf
Bracteantha,"Status: Defunct"
"Burnt Orange",https://en.wikipedia.org/wiki/Pultenaea_pedunculata
"Burnt Orange","Thumbnail: By Melburnian - Self-photographed, CC BY 2.5 ..."
"Burnt Orange",https://commons.wikimedia.org/w/index.php?curid=1598259
"Burnt Orange","Status: Defunct"
"Butterfly Bush","An evergreen shrub with flowers that resemble little blue butterflies in Summer and Autumn"
"Butterfly Bush","Grows best in full sun with regular watering"
"Butterfly Bush","2-3m x 2m"
"Butterfly Bush","Supplier: Rippon Lea Estate"
"Butterfly Iris","Flowering: 2011-11-14, in Apring (Melbourne, Victoria, Australia)"
"Butterfly Iris","The flowers are not aromatic"
Camellia,"Status: Defunct"
Celosia,"Status: Defunct"
"Chilean Jasmine","It's a vine"
"Chilean Jasmine","Flowering: 2011-11-14, in the Spring (Melbourne, Victoria, Australia)"
"Chilean Jasmine","It is still flowering strongly 2012-03-19"
"Chilean Jasmine","The flowers have a lovely aroma"
"Chilean Jasmine","Pruning: Prune back after flowering"
"Chilean Jasmine","Feeding: No"
"Chinese fringe flower","Feeding: No"
"Chinese fringe flower","Pruning: No"
"Chinese Lantern","Flowering: Actually, Abutilon flowers almost every day of the year"
"Chinese Lantern","It's a tree"
"Chinese Lantern","The flowers are not aromatic"
"Chinese Lantern","The trunks are fawn-colored with a green tinge"
"Chinese Lantern","There can be several hose-like trunks emanating from the same base"
"Chinese Lantern","The plant has grown straight up thru a fig tree"
"Chinese Lantern","From base to tip-top it is 577cm = 227 inches = 18 feet 11 inches"
"Chinese Lantern","Pruning: Late winter"
"Chinese Lantern","Feeding: No"
"Chinese Lantern","Status: Defunct"
"Chinese witch hazel","Feeding: No"
"Chinese witch hazel","Pruning: No"
"Chives 1",Herb
"Chives 1","Chives are grown for their scapes and leaves, which are used for culinary purposes as a flavoring herb, and provide a somewhat milder flavor than those of other Allium species"
"Chives 2",Herb
"Chives 2","Edible, as is the other chives"
"Chocolate Lily","Tufted foliage to 30cm x 30cm with tall stems of chocolate scented mauve flowers from Spring to Summer"
"Chocolate Lily","Dies down late Summer to edible tubers"
"Chocolate Lily","Likes full sun to part shade and moist well-drained soils - drier in Summer"
"Chocolate Lily","And yes, it does smell like chocolate"
"Chocolate Lily","Supplier: <a href = 'http://www.kuranga.com.au/'>Kuranga Native Nursery</a>"
"Lisbon lemon","Replaced by sweet Meyer lemon"
"Lisbon lemon","See also <a href = '/Flowers/Tahiti.lime.html'>Tahiti Lime</a>"
"Lisbon lemon","See also <a href = '/Flowers/Washington.navel.orange.html'>Citrus 5</a>"
"Lisbon lemon","See also <a href = '/Flowers/Meyer.lemon.html'>Meyer Lemon</a>"
"Lisbon lemon","Status: Defunct"
"Meyer lemon","Pruning: No"
"Meyer lemon","Feeding: Use a complete fertilizer in late winter and late summer"
"Meyer lemon","See also <a href = '/Flowers/Lisbon.html'>Lisbon Lemon</a>"
"Meyer lemon","See also <a href = '/Flowers/Tahiti.lime.html'>Tahiti Lime</a>"
"Meyer lemon","See also <a href = '/Flowers/Washington.navel.orange.html'>Citrus 5</a>"
"Tahiti Lime","This is a dwarf, as is the Citrus 5"
"Tahiti Lime","Pruning: No"
"Tahiti Lime","Feeding: Use a complete fertilizer in late winter and late summer"
"Tahiti Lime","See also <a href = '/Flowers/Lisbon.lemon.html'>Lisbon Lemon</a>"
"Tahiti Lime","See also <a href = '/Flowers/Meyer.lemon.html'>Meyer Lemon</a>"
"Tahiti Lime","See also <a href = '/Flowers/Washington.navel.orange.html'>Citrus 5</a>"
"Washington Navel Orange","This is a dwarf, as is the Tahiti Lime"
"Washington Navel Orange","Warning: The buds are mercilessly predated by possums"
"Washington Navel Orange","Stop Press 2016-06-25: I finally picked an orange, and it was delicious!"
"Washington Navel Orange","It was not as sweet as commercial oranges, of course, which are bred to be very sweet"
"Washington Navel Orange","Pruning: No"
"Washington Navel Orange","Feeding: Use a complete fertilizer in late winter and late summer"
"Washington Navel Orange","See also <a href = '/Flowers/Lisbon.lemon.html'>Lisbon Lemon</a>"
"Washington Navel Orange","See also <a href = '/Flowers/Meyer.lemon.html'>Meyer Lemon</a>"
"Washington Navel Orange","See also <a href = '/Flowers/Tahati.lime.html'>Tahiti Lime</a>"
"Convolvulus 1","A bullet-proof small shrub for dry and sunny spots"
"Convolvulus 1","Forms a small mounded shrub with grey foliage covered in large white flowers throughout the warmer months"
"Convolvulus 1","Very low maintenance"
"Convolvulus 1","Supplier: Rippon Lea Estate"
"Convolvulus 2","A tough evergreen shrob that forms a nice groundcover, or good for trailing over walls or hanging baskets"
"Convolvulus 2","Produces lots of showy blue flowers in the warmer months"
"Convolvulus 2","Sun or shade"
"Convolvulus 2","Supplier: Rippon Lea Estate"
Coriander,Herb
Coriander,"Harvest from 4 weeks"
Coriander,"Plant 25cm apart"
Coriander,"Companions: Cabbage, Carrots and Dill"
"Corn Salad","A fast-maturing, sharp-flavoured annual herb that grows year round"
"Corn Salad","The edible leaves make a fine addition to Winter salads"
"Corn Salad","Harvest young leaves as required or use whole plants while still young"
"Corn Salad","Grow in a sunny to partly shaded position in moist, well drained soil"
"Corn Salad","Provide reqular water"
"Corn Salad","Supplier: Botanical Creations"
"Corn Salad","Status: Defunct"
"Correa - Orange form","Evergreen Australian native shrub"
"Correa - Orange form","This compact Correa produces tublar bright orange flowers in Autumn to Spring"
"Correa - Orange form","Leaves are narrow and green"
"Correa - Orange form","Performs best in moist, well-drained soil in part sun/part shade"
"Correa - Orange form","This Correa tolerates minor frost"
"Correa - Orange form","It is tolerant of coastal conditions"
"Correa - Orange form","Mulch well to suppress weeds and conserve soil moisture"
"Correa - Orange form","Tip prune to retain shape and keep compact"
"Correa - Orange form","Supplier: <a href = 'http://www.kuranga.com.au/'>Kuranga Native Nursery</a>"
"Corymbia ficifolia","Australian native flowering gum"
"Corymbia ficifolia","These trees have a round shape with deep green foliage almost to the ground"
"Corymbia ficifolia","Given the small size, best for small gardens"
"Corymbia ficifolia","Flowers: Big, showy, bright organge blooms throughout Summer"
"Corymbia ficifolia","Sometimes repeat flowers in Autumn"
"Corymbia ficifolia","Expect to see big, showy gum nuts"
"Corymbia ficifolia","Bird-attracting, dry hardy and virtually maintenance-free"
"Corymbia ficifolia","Prune well"
Crowea,"After flowering, prune by 1/3rd"
"Dampiera trigona",https://en.wikipedia.org/wiki/Dampiera_linearis
"Dampiera trigona","Thumbnail (Dampiera linearis actually): By Melburnian - Own work, CC BY 2.5 ..."
"Dampiera trigona",https://commons.wikimedia.org/w/index.php?curid=1598219
"Dampiera trigona","Status: Defunct"
Daphne,"This plant is probably Jacqueline Postill"
Daphne,"Flowering: 2012-07-07, in Winter (Melbourne, Victoria, Australia)"
Daphne,"The aroma of the flowers is legendary"
Daphne,"Pruning: No"
Daphne,"Feeding: No"
Delphinium,"Stunning perennial with blue flashes of flowers thru warmer months"
Delphinium,"Thrives in a sunny position"
Delphinium,"Toxic to humans and animals"
Delphinium,"Thumbnail Â© Royal Botanic Gardens, Melbourne"
Delphinium,"Supplier: Rippon Lea Estate"
"Dianella prunina","An elegant clumping ornamental Australian flax with distinctive blue/purple foliage"
"Dianella prunina","Grows to an average size of 50cm across, with graceful flower stems reaching over 1m in height"
"Dianella prunina","Can be used for mass planting, foliage or accent grassy gardens, adding a unique color perspective to any garden"
"Dianella prunina","Tolerates a variety of climartic conditions"
"Dianella prunina","Full sun to part shade"
"Dianella prunina","Very hardy, drought and frost tolerant"
"Dianella prunina","Avoid prolonged wet conditions"
"Dianella prunina","When planting ensure the base of the plant is not covered with mulch or soil"
"Dianella prunina","Plant in a well mulched garden"
"Dianella prunina","Feritilize with a slow release fertilizer after 2 months, and then only if required"
"Dianella prunina","Remove older leaves as required to keep plant looking good"
"Dianella prunina","For a better foliage specimen, remove flower stems before flowering"
"Dianella prunina","Once established do not water too much"
"Dianella prunina","I am a Fuss Pot!"
"Dianella prunina","Supplier: <a href = 'http://www.kuranga.com.au/'>Kuranga Native Nursery</a>"
"Diplarrena latifolia","Tasmanian native iris-like foliage"
"Diplarrena latifolia","White flowers marked purple"
"Diplarrena latifolia","Moist well-drained heavy soil in some shade"
"Diplarrena latifolia","Frost resistant"
"Diplarrena latifolia","Supplier: <a href = 'http://www.kuranga.com.au/'>Kuranga Native Nursery</a>"
"Dwarf Crown of Thorns","A dwarf form of the Crown of Thorns plant"
"Dwarf Crown of Thorns","One of the toughest house plant around or for shady, frost protected parts of the garden"
"Dwarf Crown of Thorns","Dark Pink flowers are on show all year"
"Dwarf Crown of Thorns","Supplier: Rippon Lea Estate"
"Elephant bush","Flowering: 2011-10-05, in Spring (Melbourne, Victoria, Australia)"
"Elephant bush","This is a tiny plant, but can spead easily in semi-shade"
"Elephant bush","Feeding: No"
"Elephant bush","Pruning: No"
Elephant-ear,"Note: The plant is highly poisonous, except for the rhizome"
Elephant-ear,"Pruning: No"
Elephant-ear,"Feeding: No"
"Eremorphila nivea","Improved form of Eremophila nivea introduced by Philip Vaughan"
"Eremorphila nivea","This improved form of the popular Australian plant Eremophila nivea is far less suseptible to disease and foliage damage than the normal form"
"Eremorphila nivea","The beautiful silvery grey foliage is attractive on its own, but when the vivid blue flowers appear it is an arresting sight"
"Eremorphila nivea","In fact the foliage is so soft to the touch it's hard to believe it belongs to a plant"
"Eremorphila nivea","Grafted onto a hardy rootstock to make it suitable under a range of conditions"
"Eremorphila nivea","Performs best in full sun or light shade, in well drained soil"
"Eremorphila nivea","Apply a thick mulch above the roots to suppress weeds and conserve moisture, but keep it away from the trunk"
"Eremorphila nivea","Trim lightly after flowering to maintain a compact habit"
"Eremorphila nivea","Care must be taken to remove ALL growth below the graft union or these shoots will grow through the grafted canopy and eventually overrun your plant"
"Eremorphila nivea","1.5m x 1.5m"
"Eremorphila nivea","Suitable for large containers"
"Eremorphila nivea","Drought tolerant once established"
"Eremorphila nivea","Supplier: <a href = 'http://www.kuranga.com.au/'>Kuranga Native Nursery</a>"
"Eremorphila nivea","Supplier: <a href = 'http://pinewoodnursery.com.au/'>Pinewood Nursery</a>"
Fig,"Note: Never plant in the garden due to its invasive root system, which can break concrete"
Firebird,"An eye-catching perennial with tall spikes of scarlet flowers in Spring/Summer"
Firebird,"Likes a sunny spot and is fairly care-free other than a winter prune"
Firebird,"Supplier: Rippon Lea Estate"
"Heart-Leaf Flame Pea","Provides a profusion of brilliant orange-red flowers from Winter to Summer"
"Heart-Leaf Flame Pea","Scrambling, evergreen shrub with leathery, heart-shaped leaves"
"Heart-Leaf Flame Pea","Easy-to-grow ornamental shrub for gardens or containers"
"Heart-Leaf Flame Pea","Also acts as a climber if given support"
"Heart-Leaf Flame Pea","Grows well in a partly-shaded position in moist, well-drained soil"
"Heart-Leaf Flame Pea","Prune after flowering to maintain compact growth"
"Heart-Leaf Flame Pea","Cultivate soil before planting. Dig hole twice the width of the container"
"Heart-Leaf Flame Pea","Remove plant from container and place into the hole so the soil level is the same as the surrounding ground"
"Heart-Leaf Flame Pea","Fill hole firmly and water in well even if the soil is moist"
"Heart-Leaf Flame Pea","Â© Norwood"
"Heart-Leaf Flame Pea","Supplier: <a href = 'http://www.kuranga.com.au/'>Kuranga Native Nursery</a>"
"Heart-Leaf Flame Pea","Status: Defunct"
"Flame Pea","Compact small shrub which bares masses of flame orange and pink pea-like flowers above holly foliage"
"Flame Pea","Flowering occurs sporadically throughtout the year with the main flowering in Spring"
"Flame Pea","Performs well in full sun or part-shaded positions in well-drained soils"
"Flame Pea","Tolerant of alkaline soils"
"Flame Pea","Tip prune young plants after flowering to maintain a dense habit"
"Flame Pea","Mulch around the base of the plant to preserve moisture over the drier months of the year"
"Flame Pea","Suits native gardens, cottage-style gardens, coastal gardens and containers"
"Flame Pea","Attracts birds"
"Flame Pea","immij pty ltd Â©"
"Flame Pea","Supplier: <a href = 'http://www.kuranga.com.au/'>Kuranga Native Nursery</a>"
"Forest Pansy","Pruning: Responds well to a hard annual pruning if a denser, more shrub-like habit is desired"
"Forest Pansy","Feeding: Use a complete fertilizer each spring"
"Fountain Grass","The flowers are not aromatic"
"Fountain Grass","Spreads ruthlessly, at any distance from the parent"
"Fountain Grass","Flowering: 2011-11-25, in Spring (Melbourne, Victoria, Australia)"
"Fountain Grass","Status: Defunct"
Fuchsia,"Status: Defunct"
'Coralle',"Strong upright with long pendant flowers in clusters"
'Coralle',"Salmon-orange flowers with large sage-green velvety leaves"
'Coralle',"Can tolerate sun and moderate heat"
'Coralle',"Plant is a sheltered position"
'Coralle',"Maintain moist, well-drained soil"
'Coralle',"Supplier: Burnley Horticultural College"
"Garden heliotrope","A highly fragrant perennial plant, with an intense, rather vanilla-like fragrance"
"Garden heliotrope","The seeds are poisonous, and toxic to horses"
"Garden heliotrope","Note that the common name 'garden heliotrope' may also refer to the herb Valerian"
"Garden heliotrope","... and ..."
"Garden heliotrope","An attractive, adaptable and hardy low evergreen shrub"
"Garden heliotrope","Forms a mound of purplish foliage with purple flowers over the warmer months"
"Garden heliotrope","Happy in sun or quite a lot of shade"
"Garden heliotrope","Supplier: Rippon Lea Estate"
"Glory Bush","The flowers are not aromatic"
"Glory Bush","Flowering: 2011-12-21, in Summer (Melbourne, Victoria, Australia)"
"Glory Bush","Pruning: Cut well back in mid-winter after the flowers fade and tip prune as new growth appears"
"Glory Bush","I prune it to 20cm in late Autumn"
"Glory Bush","Feeding: No"
"Goji Berry Plant","Goji plants will fruit heavily throughout Summer and Autumn"
"Goji Berry Plant","The plant is a deciduous, long-living, perennial that develops a trunk"
"Goji Berry Plant","From this it will form multiple fruit-bearing branches"
"Goji Berry Plant","The plant tolerates frosts and high temperatures, from -15 Â°C to 40 Â°C, making it a very hardy plant"
"Goji Berry Plant","These plants prefer a well-drained soil, but will need protection from slugs, snails and pests during its first year of growth"
"Goji Berry Plant","Goji berries are high in Vitamin C, which supports the immune system"
"Goji Berry Plant","They also contain Vitamins A and E (which promote skin health), and Vitamins B1, B2 and B6 (which increase metabolism and improve cell growth)"
"Goji Berry Plant","You'll find a fuller list of health benefits on the internet"
"Goji Berry Plant","Low water requirement when established"
"Goji Berry Plant","Can be pruned"
"Goji Berry Plant","Tolerates dryness"
"Goji Berry Plant","Tolerates coastal conditions"
"Goji Berry Plant","Frost tolerant"
"Goji Berry Plant","Suitable for pots"
"Lady 'O'","This is a medium-sized spreading shrub bearing a host of bright red flowers"
"Lady 'O'","Under mild conditions plants can flower all year round"
"Lady 'O'","Attracts nectar-feeding birds"
"Lady 'O'","Responds well to regular pruning"
"Lady 'O'","Feed with a low phosphorous fertilizer"
"Lady 'O'","Full sun. Part shade. Great for pots. Long flowering"
'Fireworks',"A cross between Grevillea 'Scarlet Sprite' and Grevillea alpina"
'Fireworks',"'Fireworks' is a small to medium shrub, approximately 1m tall"
'Fireworks',"It has bright red and yellow flowers and soft grey/green foliage"
'Fireworks',"Flowers occur on the ends of short branches, and an explosion of colour is seen from Autumn to Spring"
'Fireworks',"Plants are both frost and drought tolerant and are useful for attracting birds to your garden"
'Fireworks',"Supplier: <a href = 'http://pinewoodnursery.com.au/'>Pinewood Nursery</a>"
"'Honeyeater Heaven'","A compact evergreen shrub to 80cm high which bears an adundance of red and white flowers through Winter"
"'Honeyeater Heaven'","It provides an excellent food source for honeyeaters and native bird life"
"'Honeyeater Heaven'","It makes for a perfect low hedge, in gardens, rockeries or as a container specimen"
"'Honeyeater Heaven'","Full sun. It is hardy in most well-drained soils. Frost tolerant"
"'Honeyeater Heaven'","Supplier: <a href = 'http://pinewoodnursery.com.au/'>Pinewood Nursery</a>"
"Heavenly Bamboo","Feeding: No"
"Heavenly Bamboo","Pruning: No"
"Christmas rose","Flowering: 2011-11-14, in Spring (Melbourne, Victoria, Australia)"
"Christmas rose","Flowering: 2012-07-17, and most are pink and white"
"Christmas rose","The flowers are not aromatic"
"Christmas rose","Feeding: Feed between mid-autumn and mid-spring"
"Christmas rose","Pruning: Cut off old foliage in late autumn/early winter"
"Hellebore 2","Don't be put off by the common name, this is a great foliage plant for shady spots"
"Hellebore 2","In winter it bears large yellow/green flower heads and its foliage provides year round interest"
"Hellebore 2","Will take morning sun or full shade"
"Hellebore 2","Supplier: Rippon Lea Estate"
"Hellebore 2","Status: Defunct"
"Coral bells","Status: Defunct"
"Climbing Guinea Flower","This is an Australian native"
"Climbing Guinea Flower","Flowering: 2011-11-14, in Spring (Melbourne, Victoria, Australia)"
"Climbing Guinea Flower","It's a vine"
"Climbing Guinea Flower","The flowers are slightly aromatic, but some people dislike the aroma"
"Hoary Guinea Flower","Hibbertias are renowned for their bright yellow flowers"
"Hoary Guinea Flower","This Hibbertia forms a small shrub with greyish-green leaves"
"Hoary Guinea Flower","Produces a profusion of bright yellow flowers in Spring and Summer"
"Hoary Guinea Flower","Ideal for containers, rockeries and borders"
"Hoary Guinea Flower","Best grown in partial shade or filtered sun in well drained soil"
"Hoary Guinea Flower","Regular tip pruning encourages compact growth"
"Hoary Guinea Flower","Tolerates light frost"
"Hoary Guinea Flower","Culivate soil before planting"
"Hoary Guinea Flower","Dig hole twice the width of the container"
"Hoary Guinea Flower","Remove plant from container and place into the hole so the soil level is the same as the surrounding ground"
"Hoary Guinea Flower","Fill hole firmly and in well even if the soil is moist"
"Hoary Guinea Flower","Full sun or part shade"
"Hoary Guinea Flower",Prostrate
"Hoary Guinea Flower","Width: To 1m"
"Hoary Guinea Flower","Coastal conditions"
"Hoary Guinea Flower","Supplier: <a href = 'http://www.kuranga.com.au/'>Kuranga Native Nursery</a>"
"Hoary Guinea Flower","Status: Defunct"
Hibiscus,"This is an Australian native tree"
Hibiscus,"Flowering: 2011-11-14, in the Spring (Melbourne, Victoria, Australia)"
Hibiscus,"The flowers are aromatic"
Hibiscus,"From base to tip-top it is 559cm = 220 inches = 18 feet 4 inches"
Hibiscus,"Pruning: Prune to shape in early spring"
Hibiscus,"Feeding: Follow pruning with a complete fertilizer and abundant summer water"
Hibiscus,"Status: Defunct"
"West Coast Gem","This is an Australian native tree"
"West Coast Gem","Supplier: <a href = 'http://www.kuranga.com.au/'>Kuranga Native Nursery</a>"
"Rose mallow","Flowering: 2011-11-14, in Spring (Melbourne, Victoria, Australia)"
"Rose mallow","It is still flowering strongly 2012-03-19"
"Rose mallow","The flowers are not aromatic"
"Rose mallow","Pruning: Prune to shape in early spring and follow up with a complete fertilizer, and abundant summer water. Tip prune occasionally for a bushier plant"
"Himalayan Knotweed","A dense and hardy groundcover with spikes of red and pink flowers throughout Summer"
"Himalayan Knotweed","Foliage gets bronzy coloring in Autumn"
"Himalayan Knotweed","Happy in sun or shade in moist or fairly dry soil"
"Himalayan Knotweed","Spread 20cm x 80cm"
"Himalayan Knotweed","Supplier: Rippon Lea Estate"
Honeysuckle,"Flowering: 2011-12-20, in Spring (Melbourne, Victoria, Australia)"
Honeysuckle,"Pruning: Keep under control"
Honeysuckle,"Feeding: No"
Honeysuckle,"Status: Defunct"
"Hummingbird Plant","Deciduous clumping plant topped with tubular orange flowers from late Spring until Summer"
Hydrangea,"Status: Defunct"
"'Golden Nugget'","Dwarf version of the 'Native frangipani'"
"'Golden Nugget'","A shrub with large, glossy leaves and yellow perfumed flowers"
"'Golden Nugget'","Great feature or pot plant that can be used indoors or outdoors"
"'Golden Nugget'","Supplier: Burnley Horticultural College"
"Algerian Iris","Feeding: No"
"Algerian Iris","Flowering: 2012-06-20, at the end of Autumn (Melbourne, Victoria, Australia)"
"Algerian Iris","The flowers have a slight but pretty aroma"
"Algerian Iris","Pruning: Divide rhizomes in Summer"
"Algerian Iris","Also: Cut foliage almost to ground level in Autumn"
"Isopogon latifolius","Water moderately"
"Isopogon latifolius",Frost-hardy
"Isopogon latifolius","An evergreen small shrub with large green leaves"
"Isopogon latifolius","Produces attractive and unusual large pink terminal cone flowers during late Winter and Spring"
"Isopogon latifolius","Excellent for cut flowers which are long-lasting"
"Isopogon latifolius","Looks good in the garden or as a container pot"
"Isopogon latifolius","Prefers a moist, well-drained soil in a sunny position"
"Isopogon latifolius","Prune after flowering to maintain compact growth"
"Isopogon latifolius","Mulch and water plants well during dry periods"
"Isopogon latifolius","Culivate soil before planting."
"Isopogon latifolius","Dig hole twice the width of the container"
"Isopogon latifolius","Remove plant from container and place into the hole so the soil level is the same as the surrounding ground"
"Isopogon latifolius","Fill hole firmly and in well even if the soil is moist"
"Isopogon latifolius","I am a Fuss Pot!"
"Isopogon latifolius","Supplier: <a href = 'http://www.kuranga.com.au/'>Kuranga Native Nursery</a>"
"Japanese Spiraea","Feeding: No"
"Japanese Spiraea","Status: Defunct"
"Japanese Spiraea","Flowering: 2011-11-14, in Spring (Melbourne, Victoria, Australia)"
"Japanese Spiraea","Pruning: Prune after flowering, removing older branches at ground level"
"Bush Bonanza","This is an Australian native"
"Bush Bonanza","Bush Bonanza features large, bright yellow flowers on strong, upright orange/red stems"
"Bush Bonanza","The flower stems produce large numbers of blooms that hold their color over several months"
"Bush Bonanza","Expect peak flowering from Spring to early Summer, with a secondary flush in Autumn"
"Bush Bonanza","It is a perfect plant to grow in a container in a sunny spot"
"Bush Bonanza","Full sun. Heat tolerant. Light frost tolerant. Drought tolerant"
"Bush Bonanza","Remove old flower stems and leaves as close as possible to their base"
"Bush Bonanza","Sprinkle a small handful of slow release fertilizer for native plants around the base of the plant in Autumn and again in Spring"
"Bush Bonanza","Water only when the top of the potting mix has dried out"
"Bush Bonanza","Keep the center of the plant free of weeds, dead leaves and spent flower stems"
"Bush Bonanza","Supplier: Botanical Creations"
"Bush Crystal","This is an Australian native"
"Bush Crystal","Stunning iridescent crimson flowers stand tall from the slightly arching foliage creating an impressive display"
"Bush Crystal","Bush Crystal has all the excellent features Bush Gems are known for plus the amazing glow of crimson flowers"
"Bush Crystal","Beautiful on its own or perhaps best enjoyed alongside Bush Diamond and Bush Pearl"
"Bush Crystal","Prolific flowering from Spring to Summer"
"Bush Crystal","Well drained, sunny location"
"Bush Crystal","Remove old flower stems and leaves as close as possible to their base"
"Bush Crystal","Sprinkle a small handful of slow release fertilizer for native plants around the base of the plant in Autumn and again in Spring"
"Bush Crystal","Water only when the top of the potting mix has dried out"
"Bush Crystal","Keep the center of the plant free of weeds, dead leaves and spent flower stems"
"Bush Crystal","Supplier: Botanical Creations"
"Land cress","Herb, vegetable"
"Land cress","Land cress is considered a satisfactory substitute for watercress"
"Land cress","It can be used in sandwiches, or salads, or cooked like spinach, or used in soup and fish"
"Land cress","Land cress can be grown easily in any garden"
"Land cress","Like watercress, it loves water, but does not do well when partially submerged for long periods of time"
"Land cress","This perennial needs full sun and frequent watering in any garden, unless near a direct source of water"
"Land cress","Supplier: <a href = 'https://acornnursery.com.au/'>Acorn Nursery<a/>"
Lechenaultia,"Small evergreen Australian native shrub with spectacular blue blooms over a long period"
Lechenaultia,"Features: Dwarf, woody stemmed shrub, prized for its massed display of very deep blue flowers"
Lechenaultia,"Flowers age from a deep blue to a paler blue"
Lechenaultia,"Grey-green foliage"
Lechenaultia,"Plants are sometimes spread by suckers"
Lechenaultia,"Originating from Moora, North of Perth"
Lechenaultia,"Suited to very free-draining soils or potting mix in full sun."
Lechenaultia,"Tolerant of sandy to clay loams, light frosts, hard pruning, light dappled shade and hot dry sites"
Lechenaultia,"Tip prune young plants regularly"
Lechenaultia,"Light application of slow release fertilizer may be beneficial"
Lechenaultia,"Mulch well using wood chips or pebbles"
Lechenaultia,"Water over extended dry periods by deep soaking during a cool part of the day"
Lechenaultia,"Great in rockeries or hanging baskets, mixed with Australian natives and/or exotics"
Lechenaultia,"Supplier: <a href = 'http://www.kuranga.com.au/'>Kuranga Native Nursery</a>"
Lechenaultia,"Status: Defunct"
Lily,"50-150cm x 20-30cm. Full sun to semi-shade. Frost hardy"
Lily,"Lilies thrive in semi-shade in warmer areas, but full sun is easily tolerated in cooler climates"
Lily,"Soil should be humus rich, moist and well-drained"
Lily,"Apply a mulch in summer to help retain moisture"
Lily,"Staking may be required"
Marigold,"Status: Defunct"
"Marmalade Bush","Flowering: 2011-12-20, in the (Melbourne, Victoria, Australia) Spring"
"Marmalade Bush","Pruning: Tip prune from an early age. As it becomes bushy, prune back all over immediately flowers are spent"
"Marmalade Bush","Feeding: No"
"Mexican Mock Orange","Pruning: No"
"Mexican Mock Orange","Feeding: No"
"Morning Glory","Flowering: 2011-11-14, in Spring (Melbourne, Victoria, Australia)"
"Morning Glory","It's a vine"
"Morning Glory","The flowers are aromatic"
"Morning Glory","This is not a Moonflower, if only because the flowers are open 24 hours a day"
"Morning Glory","Pruning: Cut back to keep bushy, if desired"
"Morning Glory","Feeding: Fertilize twice a year"
"Morning Glory","Status: Defunct"
Mugwort,Herb
Mugwort,"Used in smudging and moxa"
Mugwort,"Folk remedy for anorexia. Induces dreams"
Mugwort,Perennial
Mugwort,"Moist soils and conditions"
Mugwort,"Supplier: <a href = 'http://allrareherbs.com.au'>All Rare herbs</a>"
Narcissus,"The flowers are quite aromatic, but some people might find them a little unpleasant"
Narcissus,"Flowering: 2012-06-30, in Winter (Melbourne, Victoria, Australia)"
Narcissus,"Feeding: No"
Narcissus,"Pruning: No"
Narcissus,"Status: Defunct"
Nasturtium,"One pot plant is a perennial, dying back at the start of Summer"
Nasturtium,"The other one crept across the patio and then completely died off"
Nasturtium,"All parts of the plant - flowers, leaves, stems, rhizomes - can be eaten"
Nasturtium,"But personally I find the stems cause slight stomach pain"
Nasturtium,"Leaves can reach 16cm across"
Nierembergia,"Almost blue, cup shaped flowers in Spring and Summer"
Nierembergia,"For full sun or part shade"
Nierembergia,"Likes a rich soil and some additional water in hot weather"
Nierembergia,"Perfect for the cottage garden"
Nierembergia,"Cut down low to the ground in Autumn"
Nierembergia,"Supplier: Rippon Lea Estate"
Parsley,Herb
"Passionfruit Daisy","Perennial evergreen small shrub"
"Passionfruit Daisy","Easy to go. Likes well-drained soil. Very hardy"
"Passionfruit Daisy","Flowers predominately in Winter, and continues thru the year"
"Passionfruit Daisy","Masses of golden-yellow flowers"
"Passionfruit Daisy","Frequest tipping will stop plant growing leggy"
"Passionfruit Daisy","Attracts birds and butterflies"
"Passionfruit Daisy","Can be potted"
"Passionfruit Daisy","Supplier: <a href = 'https://acornnursery.com.au/'>Acorn Nursery<a/>"
Pennywort,Herb
Pennywort,"An easily-grown ground cover"
Pennywort,"Loves a moist, shady position"
Pennywort,"In folk medicine practices it is thought to have therapeutic properties"
Pennywort,"<a href = 'http://www.herbherbert.com'>Herb Herbet's Traditional Herbs</a>"
Pennywort,"Supplier: <a href = 'https://acornnursery.com.au/'>Acorn Nursery<a/>"
"Dogsbane","This is an attractive member of the mint family originates from South Africa and is particulary hardy"
"Dogsbane","Lovely long-lasting purple flower spikes year round"
"Dogsbane","40cm x 40cm"
"Dogsbane","Supplier: Rippon Lea Estate"
"Plectranthus ecklonii 1","Shade loving, autumn flowering evergreen shrub"
"Plectranthus ecklonii 1","Plant under trees"
"Plectranthus ecklonii 1","Dry tolerant"
"Plectranthus ecklonii 1","Cut back after flowering"
"Plectranthus ecklonii 1","May be clipped back during Spring and early Summer to keep compact"
"Plectranthus ecklonii 1","Supplier: Burnley Horticultural College"
"Plectranthus ecklonii 1","Status: Defunct"
"Plectranthus ecklonii 2","Evergreen shrub"
"Plectranthus ecklonii 2","Dense sprays of pure white flowers late in Summer"
"Plectranthus ecklonii 2","Frost tender"
"Plectranthus ecklonii 2","Supplier: Burnley Horticultural College"
"Plectranthus saccatus","Evergreen shrub"
"Plectranthus saccatus","Green leaves with soft hairs"
"Plectranthus saccatus","Mauve-blue or white flowers"
"Plectranthus saccatus","Low sun to shade"
"Plectranthus saccatus","Allow to dry between waterings"
"Plectranthus saccatus","Supplier: Burnley Horticultural College"
"Red Japanese Spinach","This is a classic leafy Japanese vegetable that in the US is often called Japanese Mustard Spinach"
"Red Japanese Spinach","This versatile vegetable partners well with simple herbs like parsley, chives and onions"
"Red Japanese Spinach","It also goes well with Asian-type flavours like laksa leaf, coriander, ginger, garlic and chili"
"Red Japanese Spinach","This is a real multi-tasking vegetable that can be used in salads, stir fries and steamed as a side dish"
"Red Japanese Spinach","Use in salads with a mixture of sweet herbs like mint, lime verbena and lime juice"
"Red Japanese Spinach","It is high in iron"
"Red Japanese Spinach","Do not overcook"
"Red Japanese Spinach","Plant in a sunny position in well-drained but moist soil"
"Red Japanese Spinach","Suitable for large pots"
"Red Japanese Spinach","Harvest young leafs regularly and remove flower stems as they appear"
"Red Japanese Spinach","The more you harvest the better it produces"
"Red Japanese Spinach","Fertilize with Season and Power Feed regularly"
"Red Japanese Spinach","Status: Defunct"
"Red Japanese Spinach","Supplier: Botanical Creations"
"Red Japanese Spinach","Status: Defunct"
"Red Spinach","High in iron, carbohydrates, proteins, and vitamins A, B6, C and K"
"Red Spinach","Also contains calcium, magnesium, phospherous, potassium and a complete set of amino acids"
"Red Spinach","Plant in an open sunny position where the soil is well-drained"
"Red Spinach","Will tolerate somehwat dry soil"
"Red Spinach","Protect from frost"
"Red Spinach","<a href = 'http://haarsnursery.com.au'>Haar's Nursery</a>"
"Red Spinach","Supplier: <a href = 'https://acornnursery.com.au/'>Acorn Nursery<a/>"
"Red Spinach","Status: Defunct"
"Rice Flower 'Cosmic'","See also <a href = '/Flowers/Pimelea.rosea.html'>Pimelea rosea</a>"
"Rice Flower 'Cosmic'","Status: Defunct"
"Pale Pink Rice Flower","Supplier: <a href = 'http://www.kuranga.com.au/'>Kuranga Native Nursery</a>"
"Pale Pink Rice Flower","Syn. Pimelea decora"
"Pale Pink Rice Flower","A slender shrub that has an open habit and large amounts of pink flowering heads in the Spring and Summer"
"Pale Pink Rice Flower","A great small shrub suited to large tubs and mixed garden beds"
"Pale Pink Rice Flower","Prefers a moist well-drained soil in a sunny to partly shaded position"
"Pale Pink Rice Flower","Frost tolerant"
"Pale Pink Rice Flower","Keep moist in summer and mulch well to keep roots cool and moist"
"Pale Pink Rice Flower","Cultivate soil before planting"
"Pale Pink Rice Flower","Dig hole twice the width of the container"
"Pale Pink Rice Flower","Remove plant from container and place into the hole so the soil level is the same as the surrounding ground"
"Pale Pink Rice Flower","Fill hole firmly and water in well even if the soil is moist"
"Pale Pink Rice Flower","Attracts butterflies"
"Pale Pink Rice Flower","See also <a href = '/Flowers/Ozothamnus.html'>Ozothamnus 'Cosmic'</a>"
"Rose 1","A climber. Prune to 20 cm in late Autumn. Rapidly reaches the eaves and turns back down"
"Rose 1","Dimensions of 5m x 3m are when not pruned for years"
"Rose 2","A climber. Prune to 20 cm in late Autumn. Rapidly reaches the eaves and turns back down"
"Rose 2","Dimensions of 5m x 2m are when not pruned for years"
"Rose 3","Prune to 20 cm or leave. If pruned, grows back to 1.2m"
"Rose 4","Status: Defunct"
"Common sage",Herb
"Common sage","Edible Sage, grown in a pot"
Bethellii,"Deep pink flower"
Bethellii,"See also <a href = '/Flowers/Salvia.officinalis.html'>Sage 1</a>"
Sage,"Cerise flower. This color was called Hollywood Cerise and is now just Hollywood"
Sage,"See also <a href = '/Flowers/Salvia.officinalis.html'>Sage 1</a>"
Sage,"<a href = 'https://en.wikipedia.org/wiki/Cerise_(color)'>Cerise colors on Wikipedia<a/>"
"Bee sage","Ceremonial herb of the American Indians"
"Bee sage","Leaves are burned to cleanse the spirit and welcome positive thoughts"
"Bee sage","Dry soils. Open, sunny, position"
"Bee sage","Herbacious perennial"
"Bee sage","Supplier: <a href = 'http://allrareherbs.com.au'>All Rare herbs</a>"
"Silver lace bush","A great form of the ever reliable Wormwood"
"Silver lace bush","Beautful siver foliage is a great colour and textural foil for other plants"
"Silver lace bush","Tolerates heat and dry soil and gently forms a spreading clump"
"Silver lace bush","Supplier: Rippon Lea Estate, who call it Artemisia"
"Snake bean","Plant in full sun, with plants 30cm - 40cm apart"
"Snake bean","Matures in 8-10 weeks"
"Snake bean","Will need vertical support"
"Snake bean","Companions: Carrots, Cucumber, Parsley and Spinach"
"Snake bean","Supplier: Botanical Creations"
"Snake bean","Status: Defunct"
Spearmint,Herb
Spearmint,"This is the mint used in the renowned Spearmint Tea. It has the most pure and intense flavour of any spearmint"
Spearmint,"Partners well with other mints, scented geraniums, lemon and lime balm for teas and sweet dishes"
Spearmint,"Use in any dish which requires a mint flavour"
Spearmint,"Add late in the cooking as the mint flavour erodes quickly"
Spearmint,"Finely chop leaves and use them in sauces and drizzles for desserts. Steep whole leaves in boiling water to create a refreshing tea"
Spearmint,"Place a handful of this mint, 3 teaspoons of gunpowder green tea, sugar or Stevia to taste in teapot"
Spearmint,"Add boiling water and brew for 5 minutes"
Spearmint,"Por into tea glasses and serve with noughat or dates, it down and watch Humphrey Bogart in Casablanca"
Spearmint,"Spearmint and Green Tea are powerful antioxidants and aid in digestion"
Spearmint,"Mints require open soil with Summer moisture"
Spearmint,"Given these conditions they can run away so should be planted where this is desired or in large pots"
Spearmint,"Regular applications of Seasol and Power Feed will keep it looking its best"
Spearmint,"Cut back annually to keep under control"
Spearmint,"Moderate frost"
Spearmint,"Suppiler: Botanical Creations"
"Spiked mint-bush","This mint bush forms an upright, evergreen shrub carrying long, broad leaves with a distinct minty aroma"
"Spiked mint-bush","White of pale flowers are produced in Spring"
"Spiked mint-bush","Grow for both the aroma of the leaves and the mass of flowers. Ideal for shrubberies"
"Spiked mint-bush","Grows well in a cool, partly shaded position in moist, well-drained soil"
"Spiked mint-bush","Prune after flowering to maintain compct growth. Keep moist in dry weather"
"Spiked mint-bush","Cultivate soill before planting. Dig hole twice the width of the container"
"Spiked mint-bush","Remove plant from container and place into the hole so the soil leve is the same as the surrounding ground"
"Spiked mint-bush","Fill hole firmly and water in well even if the soil is moist"
"Spiked mint-bush","Â© Norwood"
"Spiked mint-bush","Status: Defunct"
"Spinach Beet",Vegetable
"Spinach Beet","This versatile vegetable partners well with simple herbs like parsely, chives, onions and garlic"
"Spinach Beet","Serve in salads, with ham, cheese, eggs and pine nuts or as a simple side dish"
"Spinach Beet","This is a real multi-tasking vegetable that can be used in salads, stir fries and steamed as a side dish"
"Spinach Beet","Use in salads with a mixture of sweet herbs like mint, lime verbena and lime juice"
"Spinach Beet","It is high in iron"
"Spinach Beet","Do not overcook"
"Spinach Beet","Plant in a sunny position in well-drained but moist soil"
"Spinach Beet","Suitable for large pots"
"Spinach Beet","Harvest young leafs regularly and remove flower stems as they appear"
"Spinach Beet","The more you harvest the better it produces"
"Spinach Beet","Fertilize with Season and Power Feed regularly"
"Spring Snowflake","Flowering: 2012-06-01, in Autumn (Melbourne, Victoria, Australia)"
"Spring Snowflake","The flowers are not aromatic, although the stalk does have an aroma, possibly confusing people"
"Spring Snowflake","Pruning: No"
"Spring Snowflake","Feeding: No"
"Sweet Lilli","Extremely long flowering plant with masses of rose-pink/orange flowers late Spring and Autumn"
"Sweet Lilli","Drought tolerant once established"
"Sweet Lilli","Attracts birds and butterflies"
"Sweet Lilli","The dimensions of 1.1m x 70cm are if the stalks stand up. If they fall outwards, it's more like 1m x 1.6m"
"Sweet Lilli","Supplier: Rippon Lea Estate"
"Tamarix aphylla","Pruning: Cut back in spring"
Tansy,"A spreading shrub with bright yellow button flowers in late Spring to late Autumn"
Tansy,"Tansy is not a culinary plant but is an excellent insecticide and companion plant for the home and garden"
Tansy,"It controls a wide range of crawling, flying and sucking insects"
Tansy,"Plant in selected spots around the vegie garden to attract beneficial insects"
Tansy,"Also, the foliage can be used as a deterrent in potpourri and mixed with lavender flowers and placed in sachets in cupboards and drawers"
Tansy,"It has been used as a mosquito repellant prior to the use of modern personal sprays"
Tansy,"Do not consume"
Tansy,"Tansy prefers an open sunny position in well-drained limey soil but will grow in most soils and garden beds"
Tansy,"Regular applications of Seasol and Power Feed in Spring and Autumn will keep the plants healthy and growing well"
Tansy,"Moderate frost"
Tansy,"Warning: Spreads remorselessly and is never recommended for planting"
Tansy,"Not to be confused with tansy ragwort or tansy mustard"
Tansy,"Status: Defunct"
"Tea Tree 2","'Rudolph' is a fast-growing medium to tall shrub"
"Tea Tree 2","It has attractive purplish new growth and small red flowers"
"Tea Tree 2","Flowering commences in December and may continue through Christmas"
"Tea Tree 2","It is a cold-hardy screening plant which tolerates wet conditions"
"Tea Tree 2","The appealing leaf color and growth habit make this plant ideal for screens, hedges and low wind breaks"
"Tea Tree 2","In Summer, when many other shrubs have finished flowering, 'Rudolph' comes into bloom and provides color for the festive season"
"Tea Tree 2","If space allows, group planting will offer a superb display"
"Tea Tree 2","Fertilize regulary to encourage new growth"
"Tea Tree 2","Planting is simple: Dig the hole twice the width of the root ball and a little deeper"
"Tea Tree 2","Position the plant no deeper than it was in the pot, refill the hole and water well"
"Tea Tree 2","Mulching is beneficial in improving the soil and conserving moisture"
"Tea Tree 2","Supplier: <a href = 'http://pinewoodnursery.com.au/'>Pinewood Nursery</a>"
"Thelionema caespitosum","Tufted plant with narrow, grass-like leaves bears blue, star-like flowers on slender branching stems"
"Thelionema caespitosum","Plant for a striking mass display"
"Thelionema caespitosum","Suitable for growning in pots or decorative containers on patios or verandahs"
"Thelionema caespitosum","Adds color and form to garden beds and borders"
"Thelionema caespitosum","Prefers well-drained soil but will tolerate most soil types"
"Thelionema caespitosum","Tolerant of light frost"
"Thelionema caespitosum","If desired, old leaves can be removed to keep plants tidy"
"Thelionema caespitosum","Mulch well to retain soil moisture and suppress weeds"
"Thelionema caespitosum","Fertilise with a low phospherous, slow release fertiliser if required"
"Thelionema caespitosum","Full sun or part shade"
"Thelionema caespitosum","Flowers in Spring"
"Thelionema caespitosum","Supplier: <a href = 'http://www.kuranga.com.au/'>Kuranga Native Nursery</a>"
Turmeric,"Tasty condiment"
Turmeric,"Deep-acting medicinal tonic that (allegedly) nurtures the body and supports the immune system"
Turmeric,"(Wikipedia): From clinical research, there is no high-quality evidence that turmeric has medicinal properties"
Turmeric,Perennial
Turmeric,"The root is an essential ingredient of curry and primarily responsible for the yellow colour"
Turmeric,"The powdered root produces a gold-yellow dye"
Turmeric,"Turmeric plant is native to India and Asia, preferring rich, moist soils in a protected, heavily shaded position"
Turmeric,"Suitable for containers"
Turmeric,"Drought and frost tender"
"Vietnamese Mint",Herb
"Vietnamese Mint","This only survives through the warner months in moist to web conditions"
"Vietnamese Mint","It has a strong spicy flavour, and smells similar to coriander, only even more pungent"
"Vietnamese Mint","Its leaves are used extensively in Asian cooking, and are always used fresh"
"Vietnamese Mint","Best grown in containers, as it can be invasive"
"Vietnamese Mint","It is neither related to the mints, nor is it in the mint family Lamiaceae but the general appearance and odor are reminiscent of them. Persicaria is in the family Polygonaceae, collectively known as smartweeds or pinkweeds"
"Vietnamese Mint","Supplier: Botanical Creations"
"Viola 1","Flowering: 2011-11-26, in Spring (Melbourne, Victoria, Australia)"
"Viola 3","Flowering: 2011-11-26, in Spring (Melbourne, Victoria, Australia)"
"Viola 3","The 3rd and 4th images are flowering now (2012-06-25), in Winter (Melbourne, Victoria, Australia)"
"Viola 3","The 3rd image flower has an extremely faint aroma"
"Viola 3","Pruning: No"
"Viola 3","Feeding: No"
"White Cane Begonia","This is a cane-stemmed Begonia"
"White Cane Begonia","The flowers have a faint, pleasant aroma"
"White Cane Begonia","Flowering: 2011-11-14, in Spring (Melbourne, Victoria, Australia)"
"White Cane Begonia","Pruning: No"
"White Cane Begonia","Feeding: No"
"White Gaura","Status: Defunct"
"Woolly Bush","Apparently flowering is a very rare event"
"Woolly Bush","This flower was longed for but unexpected"
"Wulfen Spurge","A fantastic garden plant for any hot, dry spot"
"Wulfen Spurge","A bullet-proof evergreen shrub with unusual foliage and big, lime-green flower heads in Spring"
"Wulfen Spurge","Cut back stems that have flowered to the base, leaving others"
"Wulfen Spurge","Supplier: Rippon Lea Estate"
Yarrow,Herb
Yarrow,"A plant of sunny disposition"
Yarrow,"Crushed leaves used a poultice to heal wounds"
Yarrow,"Leaves act as catalyst in compost"
Yarrow,"Companion plant"
Yarrow,"Perennial ground cover"
Yarrow,"Supplier: <a href = 'http://allrareherbs.com.au'>All Rare herbs</a>"
"Zion Red","<a href = 'http://www.benaranurseries.com/productinfo.asp?ID=12092'>An extremely similar plant</a>"
