BEGIN TRANSACTION;
CREATE TABLE continent (
    country_code char(2),
    name         char(13),
    PRIMARY KEY  (country_code)
);
INSERT INTO continent VALUES('ad','Europe');
INSERT INTO continent VALUES('ae','Asia');
INSERT INTO continent VALUES('af','Asia');
INSERT INTO continent VALUES('ag','North America');
INSERT INTO continent VALUES('ai','North America');
INSERT INTO continent VALUES('al','Europe');
INSERT INTO continent VALUES('am','Europe');
INSERT INTO continent VALUES('ao','Africa');
INSERT INTO continent VALUES('ar','South America');
INSERT INTO continent VALUES('as','North America');
INSERT INTO continent VALUES('at','Europe');
INSERT INTO continent VALUES('au','Oceania');
INSERT INTO continent VALUES('aw','North America');
INSERT INTO continent VALUES('az','Europe');
INSERT INTO continent VALUES('ba','Europe');
INSERT INTO continent VALUES('bb','North America');
INSERT INTO continent VALUES('bd','Asia');
INSERT INTO continent VALUES('be','Europe');
INSERT INTO continent VALUES('bg','Europe');
INSERT INTO continent VALUES('bh','Asia');
INSERT INTO continent VALUES('bi','Africa');
INSERT INTO continent VALUES('bj','Africa');
INSERT INTO continent VALUES('bm','North America');
INSERT INTO continent VALUES('bo','South America');
INSERT INTO continent VALUES('br','South America');
INSERT INTO continent VALUES('bs','North America');
INSERT INTO continent VALUES('bt','Asia');
INSERT INTO continent VALUES('bw','Africa');
INSERT INTO continent VALUES('by','Europe');
INSERT INTO continent VALUES('bz','North America');
INSERT INTO continent VALUES('ca','North America');
INSERT INTO continent VALUES('cf','Africa');
INSERT INTO continent VALUES('cg','Africa');
INSERT INTO continent VALUES('ch','Europe');
INSERT INTO continent VALUES('ci','Africa');
INSERT INTO continent VALUES('cl','South America');
INSERT INTO continent VALUES('cm','Africa');
INSERT INTO continent VALUES('cn','Asia');
INSERT INTO continent VALUES('co','South America');
INSERT INTO continent VALUES('cr','North America');
INSERT INTO continent VALUES('cu','North America');
INSERT INTO continent VALUES('cv','Africa');
INSERT INTO continent VALUES('cy','Europe');
INSERT INTO continent VALUES('cz','Europe');
INSERT INTO continent VALUES('de','Europe');
INSERT INTO continent VALUES('dj','Africa');
INSERT INTO continent VALUES('dk','Europe');
INSERT INTO continent VALUES('dm','North America');
INSERT INTO continent VALUES('do','North America');
INSERT INTO continent VALUES('dz','Africa');
INSERT INTO continent VALUES('ec','South America');
INSERT INTO continent VALUES('ee','Europe');
INSERT INTO continent VALUES('eg','Africa');
INSERT INTO continent VALUES('eh','Africa');
INSERT INTO continent VALUES('er','Africa');
INSERT INTO continent VALUES('es','Europe');
INSERT INTO continent VALUES('et','Africa');
INSERT INTO continent VALUES('fi','Europe');
INSERT INTO continent VALUES('fj','Oceania');
INSERT INTO continent VALUES('fk','South America');
INSERT INTO continent VALUES('fr','Europe');
INSERT INTO continent VALUES('fx','Europe');
INSERT INTO continent VALUES('ga','Africa');
INSERT INTO continent VALUES('gb','Europe');
INSERT INTO continent VALUES('im','Europe');
INSERT INTO continent VALUES('gd','North America');
INSERT INTO continent VALUES('ge','Europe');
INSERT INTO continent VALUES('gf','South America');
INSERT INTO continent VALUES('gh','Africa');
INSERT INTO continent VALUES('gi','Europe');
INSERT INTO continent VALUES('gl','Europe');
INSERT INTO continent VALUES('gm','Africa');
INSERT INTO continent VALUES('gn','Africa');
INSERT INTO continent VALUES('gp','South America');
INSERT INTO continent VALUES('gq','Africa');
INSERT INTO continent VALUES('gr','Europe');
INSERT INTO continent VALUES('gt','North America');
INSERT INTO continent VALUES('gw','Africa');
INSERT INTO continent VALUES('gy','South America');
INSERT INTO continent VALUES('hk','Asia');
INSERT INTO continent VALUES('hn','North America');
INSERT INTO continent VALUES('hr','Europe');
INSERT INTO continent VALUES('ht','North America');
INSERT INTO continent VALUES('hu','Europe');
INSERT INTO continent VALUES('id','Asia');
INSERT INTO continent VALUES('ie','Europe');
INSERT INTO continent VALUES('il','Asia');
INSERT INTO continent VALUES('in','Asia');
INSERT INTO continent VALUES('iq','Asia');
INSERT INTO continent VALUES('ir','Asia');
INSERT INTO continent VALUES('is','Europe');
INSERT INTO continent VALUES('it','Europe');
INSERT INTO continent VALUES('jm','North America');
INSERT INTO continent VALUES('jo','Asia');
INSERT INTO continent VALUES('jp','Asia');
INSERT INTO continent VALUES('ke','Africa');
INSERT INTO continent VALUES('kg','Asia');
INSERT INTO continent VALUES('kh','Asia');
INSERT INTO continent VALUES('ki','Oceania');
INSERT INTO continent VALUES('km','Africa');
INSERT INTO continent VALUES('kn','North America');
INSERT INTO continent VALUES('kp','Asia');
INSERT INTO continent VALUES('kr','Asia');
INSERT INTO continent VALUES('kw','Asia');
INSERT INTO continent VALUES('kz','Asia');
INSERT INTO continent VALUES('la','Asia');
INSERT INTO continent VALUES('lb','Asia');
INSERT INTO continent VALUES('lc','North America');
INSERT INTO continent VALUES('li','Europe');
INSERT INTO continent VALUES('lk','Asia');
INSERT INTO continent VALUES('lr','Africa');
INSERT INTO continent VALUES('ls','Africa');
INSERT INTO continent VALUES('lt','Europe');
INSERT INTO continent VALUES('lu','Europe');
INSERT INTO continent VALUES('lv','Europe');
INSERT INTO continent VALUES('ly','Africa');
INSERT INTO continent VALUES('ma','Africa');
INSERT INTO continent VALUES('mc','Europe');
INSERT INTO continent VALUES('md','Europe');
INSERT INTO continent VALUES('mg','Africa');
INSERT INTO continent VALUES('mh','Oceania');
INSERT INTO continent VALUES('mk','Europe');
INSERT INTO continent VALUES('ml','Africa');
INSERT INTO continent VALUES('mm','Asia');
INSERT INTO continent VALUES('mn','Asia');
INSERT INTO continent VALUES('me','Europe');
INSERT INTO continent VALUES('mo','Asia');
INSERT INTO continent VALUES('mq','North America');
INSERT INTO continent VALUES('mr','Africa');
INSERT INTO continent VALUES('ms','North America');
INSERT INTO continent VALUES('mt','Europe');
INSERT INTO continent VALUES('mu','Africa');
INSERT INTO continent VALUES('mv','Asia');
INSERT INTO continent VALUES('mw','Africa');
INSERT INTO continent VALUES('mx','North America');
INSERT INTO continent VALUES('my','Asia');
INSERT INTO continent VALUES('mz','Africa');
INSERT INTO continent VALUES('na','Africa');
INSERT INTO continent VALUES('ne','Africa');
INSERT INTO continent VALUES('ng','Africa');
INSERT INTO continent VALUES('ni','North America');
INSERT INTO continent VALUES('nl','Europe');
INSERT INTO continent VALUES('no','Europe');
INSERT INTO continent VALUES('np','Asia');
INSERT INTO continent VALUES('nr','Oceania');
INSERT INTO continent VALUES('nz','Oceania');
INSERT INTO continent VALUES('om','Asia');
INSERT INTO continent VALUES('pa','North America');
INSERT INTO continent VALUES('pe','South America');
INSERT INTO continent VALUES('pg','Oceania');
INSERT INTO continent VALUES('ph','Asia');
INSERT INTO continent VALUES('pk','Asia');
INSERT INTO continent VALUES('pl','Europe');
INSERT INTO continent VALUES('pr','North America');
INSERT INTO continent VALUES('ps','Asia');
INSERT INTO continent VALUES('pt','Europe');
INSERT INTO continent VALUES('pw','Oceania');
INSERT INTO continent VALUES('py','South America');
INSERT INTO continent VALUES('qa','Asia');
INSERT INTO continent VALUES('ro','Europe');
INSERT INTO continent VALUES('ru','Europe');
INSERT INTO continent VALUES('rs','Europe');
INSERT INTO continent VALUES('rw','Africa');
INSERT INTO continent VALUES('sa','Asia');
INSERT INTO continent VALUES('sb','Oceania');
INSERT INTO continent VALUES('sc','Africa');
INSERT INTO continent VALUES('sd','Africa');
INSERT INTO continent VALUES('se','Europe');
INSERT INTO continent VALUES('sg','Asia');
INSERT INTO continent VALUES('si','Europe');
INSERT INTO continent VALUES('sk','Europe');
INSERT INTO continent VALUES('sl','Africa');
INSERT INTO continent VALUES('sm','Europe');
INSERT INTO continent VALUES('sn','Africa');
INSERT INTO continent VALUES('so','Africa');
INSERT INTO continent VALUES('sr','South America');
INSERT INTO continent VALUES('st','Africa');
INSERT INTO continent VALUES('sv','North America');
INSERT INTO continent VALUES('sy','Asia');
INSERT INTO continent VALUES('sz','Africa');
INSERT INTO continent VALUES('td','Africa');
INSERT INTO continent VALUES('tg','Africa');
INSERT INTO continent VALUES('th','Asia');
INSERT INTO continent VALUES('tj','Asia');
INSERT INTO continent VALUES('tm','Asia');
INSERT INTO continent VALUES('tn','Africa');
INSERT INTO continent VALUES('to','Oceania');
INSERT INTO continent VALUES('tl','Asia');
INSERT INTO continent VALUES('tr','Asia');
INSERT INTO continent VALUES('tt','North America');
INSERT INTO continent VALUES('tv','Oceania');
INSERT INTO continent VALUES('tw','Asia');
INSERT INTO continent VALUES('tz','Africa');
INSERT INTO continent VALUES('ua','Europe');
INSERT INTO continent VALUES('ug','Africa');
INSERT INTO continent VALUES('um','North America');
INSERT INTO continent VALUES('us','North America');
INSERT INTO continent VALUES('uy','South America');
INSERT INTO continent VALUES('uz','Asia');
INSERT INTO continent VALUES('va','Europe');
INSERT INTO continent VALUES('vc','North America');
INSERT INTO continent VALUES('ve','South America');
INSERT INTO continent VALUES('vn','Asia');
INSERT INTO continent VALUES('ws','Oceania');
INSERT INTO continent VALUES('ye','Asia');
INSERT INTO continent VALUES('yu','Europe');
INSERT INTO continent VALUES('za','Africa');
INSERT INTO continent VALUES('zm','Africa');
INSERT INTO continent VALUES('zr','Africa');
INSERT INTO continent VALUES('zw','Africa');
INSERT INTO continent VALUES('vg','North America');
INSERT INTO continent VALUES('tc','North America');
INSERT INTO continent VALUES('vi','North America');
INSERT INTO continent VALUES('gu','North America');
INSERT INTO continent VALUES('vu','Oceania');
INSERT INTO continent VALUES('bn','Asia');
INSERT INTO continent VALUES('an','Oceania');
INSERT INTO continent VALUES('bf','Oceania');
INSERT INTO continent VALUES('bv','Oceania');
INSERT INTO continent VALUES('cc','Oceania');
INSERT INTO continent VALUES('ck','Oceania');
INSERT INTO continent VALUES('cx','Oceania');
INSERT INTO continent VALUES('fm','Oceania');
INSERT INTO continent VALUES('fo','Oceania');
INSERT INTO continent VALUES('gs','Oceania');
INSERT INTO continent VALUES('hm','Oceania');
INSERT INTO continent VALUES('io','Oceania');
INSERT INTO continent VALUES('ky','Oceania');
INSERT INTO continent VALUES('mp','Oceania');
INSERT INTO continent VALUES('nc','Oceania');
INSERT INTO continent VALUES('nf','Oceania');
INSERT INTO continent VALUES('nu','Oceania');
INSERT INTO continent VALUES('pf','Oceania');
INSERT INTO continent VALUES('pm','Oceania');
INSERT INTO continent VALUES('pn','Oceania');
INSERT INTO continent VALUES('re','Oceania');
INSERT INTO continent VALUES('sh','Oceania');
INSERT INTO continent VALUES('sj','Oceania');
INSERT INTO continent VALUES('tf','Oceania');
INSERT INTO continent VALUES('tk','Oceania');
INSERT INTO continent VALUES('wf','Oceania');
INSERT INTO continent VALUES('yt','Oceania');
INSERT INTO continent VALUES('aq','Antarctica');
INSERT INTO continent VALUES('cd','Africa');
CREATE TABLE country (
    code_alpha2           char(2),
    code_alpha3           char(3),
    code_numeric          char(5),
    name                  char(100),
    dialing_code          smallint,
    PRIMARY KEY           (code_alpha2)
);
INSERT INTO country VALUES('ad','and','020','Andorra',376);
INSERT INTO country VALUES('ae','are','784','United Arab Emirates',971);
INSERT INTO country VALUES('af','afg','004','Afghanistan',93);
INSERT INTO country VALUES('ag','atg','028','Antigua and Barbuda',1268);
INSERT INTO country VALUES('ai','aia','660','Anguilla',1264);
INSERT INTO country VALUES('al','alb','008','Albania',355);
INSERT INTO country VALUES('am','arm','051','Armenia',374);
INSERT INTO country VALUES('an','ant','530','Netherlands Antilles',599);
INSERT INTO country VALUES('ao','ago','024','Angola',244);
INSERT INTO country VALUES('aq','ata','010','Antarctica',672);
INSERT INTO country VALUES('ar','arg','032','Argentina',54);
INSERT INTO country VALUES('as','asm','016','American Samoa',684);
INSERT INTO country VALUES('at','aut','040','Austria',43);
INSERT INTO country VALUES('au','aus','036','Australia',61);
INSERT INTO country VALUES('aw','abw','533','Aruba',297);
INSERT INTO country VALUES('az','aze','031','Azerbaijan',994);
INSERT INTO country VALUES('ba','bih','070','Bosnia and Herzegovina',387);
INSERT INTO country VALUES('bb','brb','052','Barbados',1246);
INSERT INTO country VALUES('bd','bgd','050','Bangladesh',880);
INSERT INTO country VALUES('be','bel','056','Belgium',32);
INSERT INTO country VALUES('bf','bfa','854','Burkina Faso',226);
INSERT INTO country VALUES('bg','bgr','100','Bulgaria',359);
INSERT INTO country VALUES('bh','bhr','048','Bahrain',973);
INSERT INTO country VALUES('bi','bdi','108','Burundi',257);
INSERT INTO country VALUES('bj','ben','204','Benin',229);
INSERT INTO country VALUES('bm','bmu','060','Bermuda',1441);
INSERT INTO country VALUES('bn','brn','096','Brunei Darussalam',673);
INSERT INTO country VALUES('bo','bol','068','Bolivia',591);
INSERT INTO country VALUES('br','bra','076','Brazil',55);
INSERT INTO country VALUES('bs','bhs','044','Bahamas',1242);
INSERT INTO country VALUES('bt','btn','064','Bhutan',975);
INSERT INTO country VALUES('bv','bvt','074','Bouvet Island',NULL);
INSERT INTO country VALUES('bw','bwa','072','Botswana',267);
INSERT INTO country VALUES('by','blr','112','Belarus',375);
INSERT INTO country VALUES('bz','blz','084','Belize',501);
INSERT INTO country VALUES('ca','can','124','Canada',1);
INSERT INTO country VALUES('cc','cck','166','Cocos (Keeling) Islands',61);
INSERT INTO country VALUES('cf','caf','140','Central African Republic',236);
INSERT INTO country VALUES('cg','cog','178','Congo',242);
INSERT INTO country VALUES('ch','che','756','Switzerland',41);
INSERT INTO country VALUES('ci','civ','384','Cote D''Ivoire',225);
INSERT INTO country VALUES('ck','cok','184','Cook Islands',682);
INSERT INTO country VALUES('cl','chl','152','Chile',56);
INSERT INTO country VALUES('cm','cmr','120','Cameroon',237);
INSERT INTO country VALUES('cn','chn','156','China',86);
INSERT INTO country VALUES('co','col','170','Colombia',57);
INSERT INTO country VALUES('cr','cri','188','Costa Rica',506);
INSERT INTO country VALUES('cu','cub','192','Cuba',53);
INSERT INTO country VALUES('cv','cpv','132','Cape Verde',238);
INSERT INTO country VALUES('cx','cxr','162','Christmas Island',618);
INSERT INTO country VALUES('cy','cyp','196','Cyprus',357);
INSERT INTO country VALUES('cz','cze','203','Czech Republic',420);
INSERT INTO country VALUES('de','deu','276','Germany',49);
INSERT INTO country VALUES('dj','dji','262','Djibouti',253);
INSERT INTO country VALUES('dk','dnk','208','Denmark',45);
INSERT INTO country VALUES('dm','dma','212','Dominica',1767);
INSERT INTO country VALUES('do','dom','214','Dominican Republic',1809);
INSERT INTO country VALUES('dz','dza','012','Algeria',213);
INSERT INTO country VALUES('ec','ecu','218','Ecuador',593);
INSERT INTO country VALUES('ee','est','233','Estonia',372);
INSERT INTO country VALUES('eg','egy','818','Egypt',20);
INSERT INTO country VALUES('eh','esh','732','Western Sahara',NULL);
INSERT INTO country VALUES('er','eri','232','Eritrea',291);
INSERT INTO country VALUES('es','esp','724','Spain',34);
INSERT INTO country VALUES('et','eth','231','Ethiopia',251);
INSERT INTO country VALUES('fi','fin','246','Finland',358);
INSERT INTO country VALUES('fj','fji','242','Fiji',679);
INSERT INTO country VALUES('fk','flk','238','Falkland Islands (Malvinas)',500);
INSERT INTO country VALUES('fm','fsm','583','Micronesia, Federated States of',691);
INSERT INTO country VALUES('fo','fro','234','Faroe Islands',298);
INSERT INTO country VALUES('fr','fra','250','France',33);
INSERT INTO country VALUES('fx','fxx','249','France, Metropolitan',NULL);
INSERT INTO country VALUES('ga','gab','266','Gabon',241);
INSERT INTO country VALUES('gb','gbr','826','United Kingdom',44);
INSERT INTO country VALUES('gd','grd','308','Grenada',1473);
INSERT INTO country VALUES('ge','geo','268','Georgia',995);
INSERT INTO country VALUES('gf','guf','254','French Guiana',594);
INSERT INTO country VALUES('gh','gha','288','Ghana',233);
INSERT INTO country VALUES('gi','gib','292','Gibraltar',350);
INSERT INTO country VALUES('gl','grl','304','Greenland',299);
INSERT INTO country VALUES('gm','gmb','270','Gambia',220);
INSERT INTO country VALUES('gn','gin','324','Guinea',224);
INSERT INTO country VALUES('gp','glp','312','Guadeloupe',590);
INSERT INTO country VALUES('gq','gnq','226','Equatorial Guinea',240);
INSERT INTO country VALUES('gr','grc','300','Greece',30);
INSERT INTO country VALUES('gs','sgs','239','South Georgia and the South Sandwich Islands',NULL);
INSERT INTO country VALUES('gt','gtm','320','Guatemala',502);
INSERT INTO country VALUES('gu','gum','316','Guam',1671);
INSERT INTO country VALUES('gw','gnb','624','Guinea-Bissau',245);
INSERT INTO country VALUES('gy','guy','328','Guyana',592);
INSERT INTO country VALUES('hk','hkg','344','Hong Kong',852);
INSERT INTO country VALUES('hm','hmd','334','Heard Island and McDonald Islands',NULL);
INSERT INTO country VALUES('hn','hnd','340','Honduras',504);
INSERT INTO country VALUES('hr','hrv','191','Croatia',385);
INSERT INTO country VALUES('ht','hti','332','Haiti',509);
INSERT INTO country VALUES('hu','hun','348','Hungary',36);
INSERT INTO country VALUES('id','idn','360','Indonesia',62);
INSERT INTO country VALUES('ie','irl','372','Ireland',353);
INSERT INTO country VALUES('il','isr','376','Israel',972);
INSERT INTO country VALUES('im','imn','833','The Isle of Man',44);
INSERT INTO country VALUES('in','ind','356','India',91);
INSERT INTO country VALUES('io','iot','086','British Indian Ocean Territory',NULL);
INSERT INTO country VALUES('iq','irq','368','Iraq',964);
INSERT INTO country VALUES('ir','irn','364','Iran, Islamic Republic of',98);
INSERT INTO country VALUES('is','isl','352','Iceland',354);
INSERT INTO country VALUES('it','ita','380','Italy',39);
INSERT INTO country VALUES('jm','jam','388','Jamaica',1876);
INSERT INTO country VALUES('jo','jor','400','Jordan',962);
INSERT INTO country VALUES('jp','jpn','392','Japan',81);
INSERT INTO country VALUES('ke','ken','404','Kenya',254);
INSERT INTO country VALUES('kg','kgz','417','Kyrgyzstan',996);
INSERT INTO country VALUES('kh','khm','116','Cambodia',855);
INSERT INTO country VALUES('ki','kir','296','Kiribati',686);
INSERT INTO country VALUES('km','com','174','Comoros',269);
INSERT INTO country VALUES('kn','kna','659','Saint Kitts and Nevis',1869);
INSERT INTO country VALUES('kp','prk','408','Korea, Democratic People''s Republic of',850);
INSERT INTO country VALUES('kr','kor','410','Korea, Republic of',850);
INSERT INTO country VALUES('kw','kwt','414','Kuwait',965);
INSERT INTO country VALUES('ky','cym','136','Cayman Islands',1345);
INSERT INTO country VALUES('kz','kaz','398','Kazakhstan',7);
INSERT INTO country VALUES('la','lao','418','Lao People''s Democratic Republic',856);
INSERT INTO country VALUES('lb','lbn','422','Lebanon',961);
INSERT INTO country VALUES('lc','lca','662','Saint Lucia',1758);
INSERT INTO country VALUES('li','lie','438','Liechtenstein',423);
INSERT INTO country VALUES('lk','lka','144','Sri Lanka',94);
INSERT INTO country VALUES('lr','lbr','430','Liberia',231);
INSERT INTO country VALUES('ls','lso','426','Lesotho',266);
INSERT INTO country VALUES('lt','ltu','440','Lithuania',370);
INSERT INTO country VALUES('lu','lux','442','Luxembourg',352);
INSERT INTO country VALUES('lv','lva','428','Latvia',371);
INSERT INTO country VALUES('ly','lby','434','Libyan Arab Jamahiriya',218);
INSERT INTO country VALUES('ma','mar','504','Morocco',212);
INSERT INTO country VALUES('mc','mco','492','Monaco',377);
INSERT INTO country VALUES('me','mne','499','Republic of Montenegro',382);
INSERT INTO country VALUES('md','mda','498','Moldova, Republic of',373);
INSERT INTO country VALUES('mg','mdg','450','Madagascar',261);
INSERT INTO country VALUES('mh','mhl','584','Marshall Islands',692);
INSERT INTO country VALUES('mk','mkd','807','Republic of North Macedonia',389);
INSERT INTO country VALUES('ml','mli','466','Mali',223);
INSERT INTO country VALUES('mm','mmr','104','Myanmar',95);
INSERT INTO country VALUES('mn','mng','496','Mongolia',976);
INSERT INTO country VALUES('mo','mac','446','Macao',853);
INSERT INTO country VALUES('mp','mnp','580','Northern Mariana Islands',1670);
INSERT INTO country VALUES('mq','mtq','474','Martinique',596);
INSERT INTO country VALUES('mr','mrt','478','Mauritania',222);
INSERT INTO country VALUES('ms','msr','500','Montserrat',1664);
INSERT INTO country VALUES('mt','mlt','470','Malta',356);
INSERT INTO country VALUES('mu','mus','480','Mauritius',230);
INSERT INTO country VALUES('mv','mdv','462','Maldives',960);
INSERT INTO country VALUES('mw','mwi','454','Malawi',265);
INSERT INTO country VALUES('mx','mex','484','Mexico',52);
INSERT INTO country VALUES('my','mys','458','Malaysia',60);
INSERT INTO country VALUES('mz','moz','508','Mozambique',258);
INSERT INTO country VALUES('na','nam','516','Namibia',264);
INSERT INTO country VALUES('nc','ncl','540','New Caledonia',687);
INSERT INTO country VALUES('ne','ner','562','Niger',227);
INSERT INTO country VALUES('nf','nfk','574','Norfolk Island',672);
INSERT INTO country VALUES('ng','nga','566','Nigeria',234);
INSERT INTO country VALUES('ni','nic','558','Nicaragua',505);
INSERT INTO country VALUES('nl','nld','528','Netherlands',31);
INSERT INTO country VALUES('no','nor','578','Norway',47);
INSERT INTO country VALUES('np','npl','524','Nepal',977);
INSERT INTO country VALUES('nr','nru','520','Nauru',674);
INSERT INTO country VALUES('nu','niu','570','Niue',683);
INSERT INTO country VALUES('nz','nzl','554','New Zealand',64);
INSERT INTO country VALUES('om','omn','512','Oman',968);
INSERT INTO country VALUES('pa','pan','591','Panama',507);
INSERT INTO country VALUES('pe','per','604','Peru',51);
INSERT INTO country VALUES('pf','pyf','258','French Polynesia',689);
INSERT INTO country VALUES('pg','png','598','Papua New Guinea',675);
INSERT INTO country VALUES('ph','phl','608','Philippines',63);
INSERT INTO country VALUES('pk','pak','586','Pakistan',92);
INSERT INTO country VALUES('pl','pol','616','Poland',48);
INSERT INTO country VALUES('pm','spm','666','Saint Pierre and Miquelon',508);
INSERT INTO country VALUES('pn','pcn','612','Pitcairn',NULL);
INSERT INTO country VALUES('pr','pri','630','Puerto Rico',1939);
INSERT INTO country VALUES('ps','pse','275','Palestinian Territory, Occupied',NULL);
INSERT INTO country VALUES('pt','prt','620','Portugal',351);
INSERT INTO country VALUES('pw','plw','585','Palau',680);
INSERT INTO country VALUES('py','pry','600','Paraguay',595);
INSERT INTO country VALUES('qa','qat','634','Qatar',974);
INSERT INTO country VALUES('re','reu','638','Reunion',262);
INSERT INTO country VALUES('ro','rom','642','Romania',40);
INSERT INTO country VALUES('ru','rus','643','Russian Federation',7);
INSERT INTO country VALUES('rw','rwa','646','Rwanda',250);
INSERT INTO country VALUES('rs','srb','688','Republic of Serbia',381);
INSERT INTO country VALUES('sa','sau','682','Saudi Arabia',966);
INSERT INTO country VALUES('sb','slb','090','Solomon Islands',677);
INSERT INTO country VALUES('sc','syc','690','Seychelles',248);
INSERT INTO country VALUES('sd','sdn','736','Sudan',249);
INSERT INTO country VALUES('se','swe','752','Sweden',46);
INSERT INTO country VALUES('sg','sgp','702','Singapore',65);
INSERT INTO country VALUES('sh','shn','654','Saint Helena',290);
INSERT INTO country VALUES('si','svn','705','Slovenia',386);
INSERT INTO country VALUES('sj','sjm','744','Svalbard and Jan Mayen',NULL);
INSERT INTO country VALUES('sk','svk','703','Slovakia',421);
INSERT INTO country VALUES('sl','sle','694','Sierra Leone',232);
INSERT INTO country VALUES('sm','smr','674','San Marino',378);
INSERT INTO country VALUES('sn','sen','686','Senegal',221);
INSERT INTO country VALUES('so','som','706','Somalia',252);
INSERT INTO country VALUES('sr','sur','740','Suriname',597);
INSERT INTO country VALUES('st','stp','678','Sao Tome and Principe',239);
INSERT INTO country VALUES('sv','slv','222','El Salvador',503);
INSERT INTO country VALUES('sy','syr','760','Syrian Arab Republic',963);
INSERT INTO country VALUES('sz','swz','748','The Kingdom of Eswatini',268);
INSERT INTO country VALUES('tc','tca','796','Turks and Caicos Islands',1649);
INSERT INTO country VALUES('td','tcd','148','Chad',235);
INSERT INTO country VALUES('tf','atf','260','French Southern Territories',NULL);
INSERT INTO country VALUES('tg','tgo','768','Togo',228);
INSERT INTO country VALUES('th','tha','764','Thailand',66);
INSERT INTO country VALUES('tj','tjk','762','Tajikistan',992);
INSERT INTO country VALUES('tk','tkl','772','Tokelau',690);
INSERT INTO country VALUES('tm','tkm','795','Turkmenistan',993);
INSERT INTO country VALUES('tn','tun','788','Tunisia',216);
INSERT INTO country VALUES('to','ton','776','Tonga',676);
INSERT INTO country VALUES('tl','tls','626','The Democratic Republic of Timor-Leste',670);
INSERT INTO country VALUES('tr','tur','792','Turkey',90);
INSERT INTO country VALUES('tt','tto','780','Trinidad and Tobago',1868);
INSERT INTO country VALUES('tv','tuv','798','Tuvalu',688);
INSERT INTO country VALUES('tw','twn','158','Taiwan, Province of China',886);
INSERT INTO country VALUES('tz','tza','834','Tanzania, United Republic of',255);
INSERT INTO country VALUES('ua','ukr','804','Ukraine',380);
INSERT INTO country VALUES('ug','uga','800','Uganda',256);
INSERT INTO country VALUES('um','umi','581','United States Minor Outlying Islands',NULL);
INSERT INTO country VALUES('us','usa','840','United States',1);
INSERT INTO country VALUES('uy','ury','858','Uruguay',598);
INSERT INTO country VALUES('uz','uzb','860','Uzbekistan',998);
INSERT INTO country VALUES('va','vat','336','Holy See (Vatican City State)',379);
INSERT INTO country VALUES('vc','vct','670','Saint Vincent and the Grenadines',1784);
INSERT INTO country VALUES('ve','ven','862','Venezuela',58);
INSERT INTO country VALUES('vg','vgb','092','Virgin Islands, British',1284);
INSERT INTO country VALUES('vi','vir','850','Virgin Islands, U.S.',1340);
INSERT INTO country VALUES('vn','vnm','704','Vietnam',84);
INSERT INTO country VALUES('vu','vut','548','Vanuatu',678);
INSERT INTO country VALUES('wf','wlf','876','Wallis and Futuna',681);
INSERT INTO country VALUES('ws','wsm','882','Samoa',685);
INSERT INTO country VALUES('ye','yem','887','Yemen',967);
INSERT INTO country VALUES('yt','myt','175','Mayotte',269);
INSERT INTO country VALUES('za','zaf','710','South Africa',27);
INSERT INTO country VALUES('zm','zmb','894','Zambia',260);
INSERT INTO country VALUES('zr','zar','180','Zaire',243);
INSERT INTO country VALUES('zw','zwe','716','Zimbabwe',263);
INSERT INTO country VALUES('cd','cod','180','Congo, the Democratic Republic of the',243);
CREATE TABLE currency (
    country_code   char(2),
    name           char(100),
    code           char(3),
    code_numeric   char(5),
    symbol         char(20),
    subunit        char(100),
    subunit_amount smallint,
    PRIMARY KEY  (country_code)
);
INSERT INTO currency VALUES('af','afghani','AFA','004','Af','puls',100);
INSERT INTO currency VALUES('al','lek','ALL','008','L','qindarka',100);
INSERT INTO currency VALUES('dz','dinar','DZD','012','DA','centimes',100);
INSERT INTO currency VALUES('as','dollar','USD','840','$','cents',100);
INSERT INTO currency VALUES('ao','kwanza','AOA','024','Kz','lwei',100);
INSERT INTO currency VALUES('ai','dollar','XCD','951','EC$','cents',100);
INSERT INTO currency VALUES('ag','dollar','XCD','951','EC$','cents',100);
INSERT INTO currency VALUES('ar','peso','ARS','032','$','centavos',100);
INSERT INTO currency VALUES('am','dram','AMD','051','','luma',100);
INSERT INTO currency VALUES('aw','guilder','AWG','533','Af.','cents',100);
INSERT INTO currency VALUES('au','dollar','AUD','036','A$','cents',100);
INSERT INTO currency VALUES('at','Euro','EUR','978','','cents',100);
INSERT INTO currency VALUES('az','manat','AZM','031','','gopik',100);
INSERT INTO currency VALUES('bs','dollar','BSD','044','B$','cents',100);
INSERT INTO currency VALUES('bh','dinar','BHD','048','BD','fils',1000);
INSERT INTO currency VALUES('bd','taka','BDT','050','Tk','paisa',100);
INSERT INTO currency VALUES('bb','dollar','BBD','052','Bds$','cents',100);
INSERT INTO currency VALUES('by','ruble','BYR','112','BR','','');
INSERT INTO currency VALUES('be','Euro','EUR','978','','cents',100);
INSERT INTO currency VALUES('bz','dollar','BZD','084','BZ$','cents',100);
INSERT INTO currency VALUES('bj','franc','XOF','952','CFAF','centimes',100);
INSERT INTO currency VALUES('bm','dollar','BMD','060','Bd$','cents',100);
INSERT INTO currency VALUES('bt','ngultrum','BTN','064','Nu','chetrum',100);
INSERT INTO currency VALUES('bo','boliviano','BOB','068','Bs','centavos',100);
INSERT INTO currency VALUES('bw','pula','BWP','072','P','thebe',100);
INSERT INTO currency VALUES('bv','krone','NOK','578','NKr','Ore',100);
INSERT INTO currency VALUES('br','real','BRL','986','R$','centavos',100);
INSERT INTO currency VALUES('bg','leva','BGL','100','Lv','stotinki',100);
INSERT INTO currency VALUES('bf','franc','XOF','952','CFAF','centimes',100);
INSERT INTO currency VALUES('bi','franc','BIF','108','FBu','centimes',100);
INSERT INTO currency VALUES('kh','new riel','KHR','116','CR','sen',100);
INSERT INTO currency VALUES('cm','franc','XAF','950','CFAF','centimes',100);
INSERT INTO currency VALUES('ca','dollar','CAD','124','Can$','cents',100);
INSERT INTO currency VALUES('ky','dollar','KYD','136','CI$','cents',100);
INSERT INTO currency VALUES('cf','franc','XAF','950','CFAF','centimes',100);
INSERT INTO currency VALUES('td','franc','XAF','950','CFAF','centimes',100);
INSERT INTO currency VALUES('cl','peso','CLP','152','Ch$','centavos',100);
INSERT INTO currency VALUES('cn','yuan renminbi','CNY','156','Y','jiao',10);
INSERT INTO currency VALUES('cx','dollar','AUD','036','A$','cents',100);
INSERT INTO currency VALUES('cc','dollar','AUD','036','A$','cents',100);
INSERT INTO currency VALUES('co','peso','COP','170','Col$','centavos',100);
INSERT INTO currency VALUES('km','franc','KMF','174','CF','','');
INSERT INTO currency VALUES('cg','franc','XAF','950','CFAF','centimes',100);
INSERT INTO currency VALUES('cr','colon','CRC','188','slashed C','centimos',100);
INSERT INTO currency VALUES('hr','kuna','HRK','191','HRK','lipas',100);
INSERT INTO currency VALUES('cu','peso','CUP','192','Cu$','centavos',100);
INSERT INTO currency VALUES('cy','pound','CYP','196','C','cents',100);
INSERT INTO currency VALUES('cz','koruna','CZK','203','Kc','haleru',100);
INSERT INTO currency VALUES('dk','krone','DKK','208','Dkr','Ore',100);
INSERT INTO currency VALUES('dj','franc','DJF','262','DF','centimes',100);
INSERT INTO currency VALUES('dm','dollar','XCD','951','EC$','cents',100);
INSERT INTO currency VALUES('ec','sucre','ECS','218','S/','centavos',100);
INSERT INTO currency VALUES('eg','pound','EGP','818','E','piasters',100);
INSERT INTO currency VALUES('sv','colon','SVC','222','','centavos',100);
INSERT INTO currency VALUES('gq','franc','GQE','226','CFAF','centimos',100);
INSERT INTO currency VALUES('er','nakfa','ERN','232','Nfa','cents',100);
INSERT INTO currency VALUES('ee','kroon','EEK','233','KR','senti',100);
INSERT INTO currency VALUES('et','birr','ETB','230','Br','cents',100);
INSERT INTO currency VALUES('fj','dollar','FJD','242','F$','cents',100);
INSERT INTO currency VALUES('fi','Euro','EUR','978','','cents',100);
INSERT INTO currency VALUES('fr','Euro','EUR','978','','cents',100);
INSERT INTO currency VALUES('gf','Euro','EUR','978','','cents',100);
INSERT INTO currency VALUES('pf','franc','XPF','953','CFPF','centimes',100);
INSERT INTO currency VALUES('ga','franc','XAF','950','CFAF','centimes',100);
INSERT INTO currency VALUES('gm','dalasi','GMD','270','D','butut',100);
INSERT INTO currency VALUES('ge','lari','GEL','981','','tetri',100);
INSERT INTO currency VALUES('de','Euro','EUR','978','','cents',100);
INSERT INTO currency VALUES('gh','new cedi','GHC','288','','psewas',100);
INSERT INTO currency VALUES('gi','pound','GIP','292','G','pence',100);
INSERT INTO currency VALUES('gr','Euro','EUR','978','','cents',100);
INSERT INTO currency VALUES('gl','krone','DKK','208','Dkr','Ore',100);
INSERT INTO currency VALUES('gd','dollar','XCD','951','EC$','cents',100);
INSERT INTO currency VALUES('gp','Euro','EUR','978','','cents',100);
INSERT INTO currency VALUES('gu','dollar','USD','840','$','cents',100);
INSERT INTO currency VALUES('gt','quetzal','GTQ','320','Q','centavos',100);
INSERT INTO currency VALUES('gw','franc','XOF','952','CFAF','centimes',100);
INSERT INTO currency VALUES('gn','franc','GNF','324','','','');
INSERT INTO currency VALUES('gy','dollar','GYD','328','G$','cents',100);
INSERT INTO currency VALUES('ht','gourde','HTG','332','G','centimes',100);
INSERT INTO currency VALUES('hn','lempira','HNL','340','L','centavos',100);
INSERT INTO currency VALUES('hk','dollar','HKD','344','HK$','cents',100);
INSERT INTO currency VALUES('hu','forint','HUF','348','Ft','','');
INSERT INTO currency VALUES('is','krna','ISK','352','IKr','aurar',100);
INSERT INTO currency VALUES('in','rupee','INR','356','Rs','paise',100);
INSERT INTO currency VALUES('id','rupiah','IDR','360','Rp','sen',100);
INSERT INTO currency VALUES('iq','dinar','IQD','368','ID','fils',1000);
INSERT INTO currency VALUES('ie','Euro','EUR','978','','cents',100);
INSERT INTO currency VALUES('il','new shekel','ILS','376','NIS','new agorot',100);
INSERT INTO currency VALUES('it','Euro','EUR','978','','cents',100);
INSERT INTO currency VALUES('jm','dollar','JMD','388','J$','cents',100);
INSERT INTO currency VALUES('jp','yen','JPY','392','','sen',100);
INSERT INTO currency VALUES('jo','dinar','JOD','400','JD','fils',1000);
INSERT INTO currency VALUES('kz','tenge','KZT','398','','tiyn',100);
INSERT INTO currency VALUES('ke','shilling','KES','404','K Sh','cents',100);
INSERT INTO currency VALUES('ki','dollar','AUD','036','A$','cents',100);
INSERT INTO currency VALUES('kw','dinar','KWD','414','KD','fils',1000);
INSERT INTO currency VALUES('kg','som','KGS','417','','tyyn',100);
INSERT INTO currency VALUES('lv','lat','LVL','428','Ls','santims',100);
INSERT INTO currency VALUES('lb','pound','LBP','422','L.L.','piastres',100);
INSERT INTO currency VALUES('ls','loti','LSL','426','L, pl., M','lisente',100);
INSERT INTO currency VALUES('lr','dollar','LRD','430','$','cents',100);
INSERT INTO currency VALUES('lt','litas, pl., litai','LTL','440','','centu',100);
INSERT INTO currency VALUES('lu','Euro','EUR','978','','cents',100);
INSERT INTO currency VALUES('mo','pataca','MOP','446','P','avos',100);
INSERT INTO currency VALUES('mk','denar','MKD','807','MKD','deni',100);
INSERT INTO currency VALUES('mg','ariayry','MGF','450','FMG','francs',5);
INSERT INTO currency VALUES('mw','kwacha','MWK','454','MK','tambala',100);
INSERT INTO currency VALUES('my','ringgit','MYR','458','RM','sen',100);
INSERT INTO currency VALUES('mv','rufiyaa','MVR','462','Rf','lari',100);
INSERT INTO currency VALUES('ml','franc','XOF','952','CFAF','centimes',100);
INSERT INTO currency VALUES('mt','lira, pl., liri','MTL','470','Lm','cents',100);
INSERT INTO currency VALUES('mq','Euro','EUR','978','','cents',100);
INSERT INTO currency VALUES('mr','ouguiya','MRO','478','UM','khoums',5);
INSERT INTO currency VALUES('mu','rupee','MUR','480','Mau Rs','cents',100);
INSERT INTO currency VALUES('mx','peso','MXN','484','Mex$','centavos',100);
INSERT INTO currency VALUES('mc','Euro','EUR','978','','cents',100);
INSERT INTO currency VALUES('mn','tughrik','MNT','496','Tug','mongos',100);
INSERT INTO currency VALUES('ms','dollar','XCD','951','EC$','cents',100);
INSERT INTO currency VALUES('ma','dirham','MAD','504','DH','centimes',100);
INSERT INTO currency VALUES('mz','metical','MZM','508','Mt','centavos',100);
INSERT INTO currency VALUES('mm','kyat','MMK','104','K','pyas',100);
INSERT INTO currency VALUES('nr','dollar','AUD','036','A$','cents',100);
INSERT INTO currency VALUES('na','dollar','NAD','516','N$','cents',100);
INSERT INTO currency VALUES('np','rupee','NPR','524','NRs','paise',100);
INSERT INTO currency VALUES('nl','Euro','EUR','978','','cents',100);
INSERT INTO currency VALUES('nc','franc','XPF','953','CFPF','centimes',100);
INSERT INTO currency VALUES('nz','dollar','NZD','554','NZ$','cents',100);
INSERT INTO currency VALUES('ni','gold cordoba','NIO','558','C$','centavos',100);
INSERT INTO currency VALUES('ne','franc','XOF','952','CFAF','centimes',100);
INSERT INTO currency VALUES('ng','naira','NGN','566','double-dashed N','kobo',100);
INSERT INTO currency VALUES('nf','dollar','AUD','036','A$','cents',100);
INSERT INTO currency VALUES('no','krone','NOK','578','NKr','Ore',100);
INSERT INTO currency VALUES('om','rial','OMR','512','RO','baizas',1000);
INSERT INTO currency VALUES('pk','rupee','PKR','586','Rs','paisa',100);
INSERT INTO currency VALUES('pw','dollar','USD','840','$','cents',100);
INSERT INTO currency VALUES('pa','balboa','PAB','590','B','centesimos',100);
INSERT INTO currency VALUES('pg','kina','PGK','598','K','toeas',100);
INSERT INTO currency VALUES('py','guarani','PYG','600','slashed G','centimos',100);
INSERT INTO currency VALUES('pe','new sol','PEN','604','S/.','centimos',100);
INSERT INTO currency VALUES('ph','peso','PHP','608','dashed P','centavos',100);
INSERT INTO currency VALUES('pl','zloty','PLN','985','z dashed l','groszy',100);
INSERT INTO currency VALUES('pt','Euro','EUR','978','','cents',100);
INSERT INTO currency VALUES('pr','dollar','USD','840','$','cents',100);
INSERT INTO currency VALUES('qa','riyal','QAR','634','QR','dirhams',100);
INSERT INTO currency VALUES('re','Euro','EUR','978','','cents',100);
INSERT INTO currency VALUES('ro','leu','ROL','642','L','bani',100);
INSERT INTO currency VALUES('rw','franc','RWF','646','RF','centimes',100);
INSERT INTO currency VALUES('sa','riyal','SAR','682','SRls','halalat',100);
INSERT INTO currency VALUES('sn','franc','XOF','952','CFAF','centimes',100);
INSERT INTO currency VALUES('sc','rupee','SCR','690','SR','cents',100);
INSERT INTO currency VALUES('sl','leone','SLL','694','Le','cents',100);
INSERT INTO currency VALUES('sg','dollar','SGD','702','S$','cents',100);
INSERT INTO currency VALUES('sk','koruna','SKK','703','Sk','halierov',100);
INSERT INTO currency VALUES('si','tolar','SIT','705','SlT','stotinov',100);
INSERT INTO currency VALUES('so','shilling','SOS','706','So. Sh.','centesimi',100);
INSERT INTO currency VALUES('za','rand','ZAR','710','R','cents',100);
INSERT INTO currency VALUES('es','Euro','EUR','978','','cents',100);
INSERT INTO currency VALUES('lk','rupee','LKR','144','SLRs','cents',100);
INSERT INTO currency VALUES('sd','dinar','SDP','736','','piastres',100);
INSERT INTO currency VALUES('sr','guilder','SRG','740','Sf.','cents',100);
INSERT INTO currency VALUES('sz','lilangeni','SZL','748','L','cents',100);
INSERT INTO currency VALUES('se','krona','SEK','752','Sk','Ore',100);
INSERT INTO currency VALUES('ch','franc','CHF','756','SwF','centimes',100);
INSERT INTO currency VALUES('tj','somoni','TJS','762','','dirams',100);
INSERT INTO currency VALUES('th','baht','THB','764','Bht or Bt','stang',100);
INSERT INTO currency VALUES('tg','franc','XOF','952','CFAF','centimes',100);
INSERT INTO currency VALUES('to','pa''anga','TOP','776','PT or T$','seniti',100);
INSERT INTO currency VALUES('tt','dollar','TTD','780','TT$','cents',100);
INSERT INTO currency VALUES('tn','dinar','TND','788','TD','millimes',1000);
INSERT INTO currency VALUES('tr','lira','TRL','792','TL','kurus',100);
INSERT INTO currency VALUES('tm','manat','TMM','795','','tenga',100);
INSERT INTO currency VALUES('tc','dollar','USD','840','$','cents',100);
INSERT INTO currency VALUES('tv','dollar','AUD','036','A$','cents',100);
INSERT INTO currency VALUES('ug','shilling','UGX','800','USh','cents',100);
INSERT INTO currency VALUES('ua','Hryvnia','UAH','980','','kopiykas',100);
INSERT INTO currency VALUES('ae','dirham','AED','784','Dh','fils',100);
INSERT INTO currency VALUES('uy','peso uruguayo','UYU','858','$U','centsimos',100);
INSERT INTO currency VALUES('uz','som','UZS','860','','tiyin',100);
INSERT INTO currency VALUES('vu','vatu','VUV','548','VT','centimes',100);
INSERT INTO currency VALUES('ve','bolivar','VEB','862','Bs','centimos',100);
INSERT INTO currency VALUES('vn','dong','VND','704','dashed d, or D','hao or 100 xu',10);
INSERT INTO currency VALUES('ye','rial','YER','886','YRls','fils',100);
INSERT INTO currency VALUES('rs','dinar','YUM','891','Din','paras',100);
INSERT INTO currency VALUES('me','dinar','YUM','891','Din','paras',100);
INSERT INTO currency VALUES('yu','dinar','YUM','891','Din','paras',100);
INSERT INTO currency VALUES('zm','kwacha','ZMK','894','ZK','ngwee',100);
INSERT INTO currency VALUES('zw','dollar','ZWD','716','Z$','cents',100);
INSERT INTO currency VALUES('ba','convertible mark','BAM','977','KM','fennig',100);
INSERT INTO currency VALUES('vg','dollar','USD','840','$','cents',100);
INSERT INTO currency VALUES('bn','ringgit','BND','096','B$','sen',100);
INSERT INTO currency VALUES('ci','franc','XOF','952','CFAF','centimes',100);
INSERT INTO currency VALUES('do','peso','DOP','214','RD$','centavos',100);
INSERT INTO currency VALUES('fk','pound','FKP','238','F','pence',100);
INSERT INTO currency VALUES('gb','pound','GBP','826','£','pence',100);
INSERT INTO currency VALUES('im','pound','GBP','826','£','pence',100);
INSERT INTO currency VALUES('ir','rial','IRR','364','Rls','','');
INSERT INTO currency VALUES('kp','won','KPW','408','Wn','chon',100);
INSERT INTO currency VALUES('kr','won','KRW','410','W','chon',100);
INSERT INTO currency VALUES('la','new kip','LAK','418','KN','at',100);
INSERT INTO currency VALUES('ly','dinar','LYD','434','LD','dirhams',1000);
INSERT INTO currency VALUES('ru','ruble','RUB','810','R','kopecks',100);
INSERT INTO currency VALUES('sh','pound','SHP','654','S','new pence',100);
INSERT INTO currency VALUES('sy','pound','SYP','760','S','piasters',100);
INSERT INTO currency VALUES('tz','shilling','TZS','834','TSh','cents',100);
INSERT INTO currency VALUES('us','dollar','USD','840','$','cents',100);
INSERT INTO currency VALUES('vi','dollar','USD','840','$','cents',100);
INSERT INTO currency VALUES('wf','franc','XPF','953','CFPF','centimes',100);
INSERT INTO currency VALUES('ws','tala','WST','882','WS$','sene',100);
INSERT INTO currency VALUES('tw','new dollar','TWD','901','NT$','cents',100);
INSERT INTO currency VALUES('tl','rupiah','IDR','360','Rp','sen',100);
INSERT INTO currency VALUES('ps','new shekel','ILS','376','NIS','new agorot',100);
INSERT INTO currency VALUES('mh','dollar','USD','840','$','cents',100);
INSERT INTO currency VALUES('ad','Euro','EUR','978',NULL,'cents',100);
INSERT INTO currency VALUES('an','guilder','ANG','532','NAf','cents',100);
INSERT INTO currency VALUES('aq','none','000',000,NULL,NULL,NULL);
INSERT INTO currency VALUES('ck','dollar','NZD','554','NZ$','cents',100);
INSERT INTO currency VALUES('cv','escudo','CVE','132','C.V.Esc','centavos',100);
INSERT INTO currency VALUES('eh','dirham','MAD','504','DH','centimes',100);
INSERT INTO currency VALUES('fm','dollar','USD','840','$','cents',100);
INSERT INTO currency VALUES('fo','krone','DKK','208','DKr','Ore',100);
INSERT INTO currency VALUES('fx','Euro','EUR','978','','cents',100);
INSERT INTO currency VALUES('gs','pound','GBP','826',NULL,'pence',100);
INSERT INTO currency VALUES('hm','dollar','AUD','036','A$','cents',100);
INSERT INTO currency VALUES('io','pound','GBP','826',NULL,'pence',100);
INSERT INTO currency VALUES('kn','dollar','XCD','951','EC$','cents',100);
INSERT INTO currency VALUES('lc','dollar','XCD','951','EC$','cents',100);
INSERT INTO currency VALUES('li','franc','CHF','756','SwF','centimes',100);
INSERT INTO currency VALUES('md','leu','MDL','498',NULL,NULL,NULL);
INSERT INTO currency VALUES('mp','dollar','USD','840','$','cents',100);
INSERT INTO currency VALUES('nu','dollar','NZD','554','NZ$','cents',100);
INSERT INTO currency VALUES('pm','Euro','EUR','978','null','cents',100);
INSERT INTO currency VALUES('pn','dollar','NZD','554','NZ$','cents',100);
INSERT INTO currency VALUES('sb','dollar','SBD','090','SI$','cents',100);
INSERT INTO currency VALUES('sj','krone','NOK','578','NKr','Ore',100);
INSERT INTO currency VALUES('sm','Euro','EUR','978','null','cents',100);
INSERT INTO currency VALUES('st','dobra','STD','678','Db','centimos',100);
INSERT INTO currency VALUES('tf','Euro','EUR','978','null','cents',100);
INSERT INTO currency VALUES('tk','dollar','NZD','554','NZ$','cents',100);
INSERT INTO currency VALUES('um','dollar','USD','840','$','cents',100);
INSERT INTO currency VALUES('va','Euro','EUR','978','null','cents',100);
INSERT INTO currency VALUES('vc','dollar','XCD','951','EC$','cents',100);
INSERT INTO currency VALUES('yt','Euro','EUR','978','null','cents',100);
INSERT INTO currency VALUES('zr','franc','XAF','950','CFAF','centimes',100);
INSERT INTO currency VALUES('cd','franc','CDF','180','CFAF','centimes',100);
CREATE TABLE language (
    code_alpha2  char(2),
    code_alpha3  char(3),
    name         char(100),
    PRIMARY KEY  (code_alpha3)
);
INSERT INTO language VALUES('ab','abk','Abkhazian');
INSERT INTO language VALUES(NULL,'ace','Achinese');
INSERT INTO language VALUES(NULL,'ach','Acoli');
INSERT INTO language VALUES(NULL,'ada','Adangme');
INSERT INTO language VALUES(NULL,'ady','Adygei');
INSERT INTO language VALUES('aa','aar','Afar');
INSERT INTO language VALUES(NULL,'afh','Afrihili');
INSERT INTO language VALUES('af','afr','Afrikaans');
INSERT INTO language VALUES(NULL,'afa','Afro-Asiatic (Other)');
INSERT INTO language VALUES(NULL,'ain','Ainu');
INSERT INTO language VALUES('ak','aka','Akan');
INSERT INTO language VALUES(NULL,'akk','Akkadian');
INSERT INTO language VALUES('sq','sqi','Albanian');
INSERT INTO language VALUES(NULL,'ale','Aleut');
INSERT INTO language VALUES(NULL,'alg','Algonquian languages');
INSERT INTO language VALUES(NULL,'tut','Altaic (Other)');
INSERT INTO language VALUES('am','amh','Amharic');
INSERT INTO language VALUES(NULL,'anp','Angika');
INSERT INTO language VALUES(NULL,'apa','Apache languages');
INSERT INTO language VALUES('ar','ara','Arabic');
INSERT INTO language VALUES('an','arg','Aragonese');
INSERT INTO language VALUES(NULL,'arc','Aramaic');
INSERT INTO language VALUES(NULL,'arp','Arapaho');
-- INSERT INTO language VALUES(NULL,'arn','Araucanian');
INSERT INTO language VALUES(NULL,'arn','Mapudungun');
INSERT INTO language VALUES(NULL,'arw','Arawak');
INSERT INTO language VALUES('hy','hye','Armenian');
INSERT INTO language VALUES(NULL,'art','Artificial (Other)');
INSERT INTO language VALUES('as','asm','Assamese');
INSERT INTO language VALUES(NULL,'ast','Asturian');
INSERT INTO language VALUES(NULL,'ath','Athapascan languages');
INSERT INTO language VALUES(NULL,'aus','Australian languages');
INSERT INTO language VALUES(NULL,'map','Austronesian (Other)');
INSERT INTO language VALUES('av','ava','Avaric');
INSERT INTO language VALUES('ae','ave','Avestan');
INSERT INTO language VALUES(NULL,'awa','Awadhi');
INSERT INTO language VALUES('ay','aym','Aymara');
INSERT INTO language VALUES('az','aze','Azerbaijani');
INSERT INTO language VALUES(NULL,'ban','Balinese');
INSERT INTO language VALUES(NULL,'bat','Baltic (Other)');
INSERT INTO language VALUES(NULL,'bal','Baluchi');
INSERT INTO language VALUES('bm','bam','Bambara');
INSERT INTO language VALUES(NULL,'bai','Bamileke languages');
INSERT INTO language VALUES(NULL,'bad','Banda');
INSERT INTO language VALUES(NULL,'bnt','Bantu (Other)');
INSERT INTO language VALUES(NULL,'bas','Basa');
INSERT INTO language VALUES('ba','bak','Bashkir');
INSERT INTO language VALUES('eu','eus','Basque');
INSERT INTO language VALUES(NULL,'btk','Batak languages');
INSERT INTO language VALUES(NULL,'bej','Beja');
INSERT INTO language VALUES('be','bel','Belarusian');
INSERT INTO language VALUES(NULL,'bem','Bemba');
INSERT INTO language VALUES('bn','ben','Bengali');
INSERT INTO language VALUES(NULL,'ber','Berber (Other)');
INSERT INTO language VALUES(NULL,'bho','Bhojpuri');
INSERT INTO language VALUES('bh','bih','Bihari');
INSERT INTO language VALUES(NULL,'bik','Bikol');
INSERT INTO language VALUES(NULL,'byn','Bilin');
INSERT INTO language VALUES(NULL,'bin','Bini');
INSERT INTO language VALUES('bi','bis','Bislama');
INSERT INTO language VALUES(NULL,'zbl','Bliss');
INSERT INTO language VALUES('bs','bos','Bosnian');
INSERT INTO language VALUES(NULL,'bra','Braj');
INSERT INTO language VALUES('br','bre','Breton');
INSERT INTO language VALUES(NULL,'bug','Buginese');
INSERT INTO language VALUES('bg','bul','Bulgarian');
INSERT INTO language VALUES(NULL,'bua','Buriat');
INSERT INTO language VALUES('my','mya','Burmese');
INSERT INTO language VALUES(NULL,'cad','Caddo');
INSERT INTO language VALUES(NULL,'car','Carib');
INSERT INTO language VALUES('ca','cat','Catalan');
INSERT INTO language VALUES(NULL,'cau','Caucasian (Other)');
INSERT INTO language VALUES(NULL,'ceb','Cebuano');
INSERT INTO language VALUES(NULL,'cel','Celtic (Other)');
INSERT INTO language VALUES(NULL,'cai','Central American Indian (Other)');
INSERT INTO language VALUES(NULL,'chg','Chagatai');
INSERT INTO language VALUES(NULL,'cmc','Chamic languages');
INSERT INTO language VALUES(NULL,'cha','Chamorro');
INSERT INTO language VALUES(NULL,'che','Chechen');
INSERT INTO language VALUES(NULL,'chr','Cherokee');
INSERT INTO language VALUES(NULL,'chy','Cheyenne');
INSERT INTO language VALUES(NULL,'chb','Chibcha');
INSERT INTO language VALUES('zh','zho','Chinese');
INSERT INTO language VALUES(NULL,'chn','Chinook jargon');
INSERT INTO language VALUES(NULL,'chp','Chipewyan');
INSERT INTO language VALUES(NULL,'cho','Choctaw');
INSERT INTO language VALUES(NULL,'chu','Church Slavic');
INSERT INTO language VALUES(NULL,'chk','Chuukese');
INSERT INTO language VALUES(NULL,'chv','Chuvash');
INSERT INTO language VALUES(NULL,'cop','Coptic');
INSERT INTO language VALUES(NULL,'cor','Cornish');
INSERT INTO language VALUES('co','cos','Corsican');
INSERT INTO language VALUES(NULL,'csb','Kashubian');
INSERT INTO language VALUES(NULL,'cre','Cree');
INSERT INTO language VALUES(NULL,'mus','Creek');
INSERT INTO language VALUES(NULL,'crp','Creoles and Pidgins (Other)');
INSERT INTO language VALUES(NULL,'cpe','Creoles and Pidgins, English-based (Other)');
INSERT INTO language VALUES(NULL,'cpf','Creoles and Pidgins, French-based (Other)');
INSERT INTO language VALUES(NULL,'cpp','Creoles and Pidgins, Portuguese-based (Other)');
INSERT INTO language VALUES(NULL,'crh','Crimean Turkish');
INSERT INTO language VALUES(NULL,'cus','Cushitic (Other)');
INSERT INTO language VALUES(NULL,'cnr','Montenegrin');
INSERT INTO language VALUES('hr','hrv','Croatian');
INSERT INTO language VALUES('cs','cze','Czech');
INSERT INTO language VALUES(NULL,'dak','Dakota');
INSERT INTO language VALUES('da','dan','Danish');
INSERT INTO language VALUES(NULL,'dar','Dargwa');
INSERT INTO language VALUES(NULL,'day','Land Dayak languages');
INSERT INTO language VALUES(NULL,'del','Delaware');
INSERT INTO language VALUES(NULL,'din','Dinka');
INSERT INTO language VALUES('dv','div','Divehi');
INSERT INTO language VALUES(NULL,'doi','Dogri');
INSERT INTO language VALUES(NULL,'dra','Dravidian (Other)');
INSERT INTO language VALUES(NULL,'dua','Duala');
INSERT INTO language VALUES('nl','nld','Dutch');
INSERT INTO language VALUES(NULL,'dum','Dutch, Middle (ca. 1050-1350)');
INSERT INTO language VALUES(NULL,'dyu','Dyula');
INSERT INTO language VALUES('dz','dzo','Dzongkha');
INSERT INTO language VALUES(NULL,'efi','Efik');
INSERT INTO language VALUES(NULL,'egy','Egyptian (Ancient)');
INSERT INTO language VALUES(NULL,'eka','Ekajuk');
INSERT INTO language VALUES(NULL,'elx','Elamite');
INSERT INTO language VALUES('en','eng','English');
INSERT INTO language VALUES(NULL,'enm','English, Middle (ca. 1100-1500)');
INSERT INTO language VALUES(NULL,'ang','English, Old (ca. 450-1100)');
INSERT INTO language VALUES(NULL,'esk','Eskimo (Other)');
INSERT INTO language VALUES('eo','epo','Esperanto');
INSERT INTO language VALUES('et','est','Estonian');
INSERT INTO language VALUES('ee','ewe','Ewe');
INSERT INTO language VALUES(NULL,'ewo','Ewondo');
INSERT INTO language VALUES(NULL,'fan','Fang');
INSERT INTO language VALUES(NULL,'fat','Fanti');
INSERT INTO language VALUES('fo','fao','Faroese');
INSERT INTO language VALUES('fj','fij','Fijian');
INSERT INTO language VALUES(NULL,'fil','Filipino');
INSERT INTO language VALUES('fi','fin','Finnish');
INSERT INTO language VALUES(NULL,'fiu','Finno-Ugrian (Other)');
INSERT INTO language VALUES(NULL,'fon','Fon');
INSERT INTO language VALUES('fr','fre','French');
INSERT INTO language VALUES(NULL,'frm','French, Middle (ca. 1400-1600)');
INSERT INTO language VALUES(NULL,'fro','French, Old (842- ca. 1400)');
INSERT INTO language VALUES(NULL,'frr','Northern Frisian');
INSERT INTO language VALUES(NULL,'frs','Eastern Frisian');
INSERT INTO language VALUES('fy','fry','Frisian');
INSERT INTO language VALUES(NULL,'fur','Friulian');
INSERT INTO language VALUES('ff','ful','Fulah');
INSERT INTO language VALUES(NULL,'gaa','Ga');
INSERT INTO language VALUES('gd','gla','Gaelic (Scots)');
INSERT INTO language VALUES('gl','glg','Galician');
INSERT INTO language VALUES('lg','lug','Ganda');
INSERT INTO language VALUES(NULL,'gay','Gayo');
INSERT INTO language VALUES(NULL,'gba','Gbaya');
INSERT INTO language VALUES(NULL,'gez','Geez');
INSERT INTO language VALUES('ka','kat','Georgian');
INSERT INTO language VALUES('de','deu','German');
INSERT INTO language VALUES(NULL,'gmh','German, Middle High (ca. 1050-1500)');
INSERT INTO language VALUES(NULL,'goh','German, Old High (ca. 750-1050)');
INSERT INTO language VALUES(NULL,'gem','Germanic (Other)');
INSERT INTO language VALUES(NULL,'gil','Gilbertese');
INSERT INTO language VALUES(NULL,'gon','Gondi');
INSERT INTO language VALUES(NULL,'gor','Gorontalo');
INSERT INTO language VALUES(NULL,'got','Gothic');
INSERT INTO language VALUES(NULL,'grb','Grebo');
INSERT INTO language VALUES(NULL,'grc','Greek, Ancient (to 1453)');
INSERT INTO language VALUES('el','gre','Greek');
INSERT INTO language VALUES('gn','grn','Guarani');
INSERT INTO language VALUES(NULL,'gsw','Swiss German');
INSERT INTO language VALUES('gu','guj','Gujarati');
INSERT INTO language VALUES(NULL,'gwi','Gwich''in');
INSERT INTO language VALUES(NULL,'hai','Haida');
INSERT INTO language VALUES('ht','hat','Haitian');
INSERT INTO language VALUES('ha','hau','Hausa');
INSERT INTO language VALUES(NULL,'haw','Hawaiian');
INSERT INTO language VALUES('he','heb','Hebrew');
INSERT INTO language VALUES('hz','her','Herero');
INSERT INTO language VALUES(NULL,'hil','Hiligaynon');
INSERT INTO language VALUES(NULL,'him','Himachali');
INSERT INTO language VALUES('hi','hin','Hindi');
INSERT INTO language VALUES('ho','hmo','Hiri Motu');
INSERT INTO language VALUES(NULL,'hit','Hittite');
INSERT INTO language VALUES(NULL,'hmn','Hmong');
INSERT INTO language VALUES(NULL,'hsb','Upper Sorbian');
INSERT INTO language VALUES('hu','hun','Hungarian');
INSERT INTO language VALUES(NULL,'hup','Hupa');
INSERT INTO language VALUES(NULL,'iba','Iban');
INSERT INTO language VALUES('is','isl','Icelandic');
INSERT INTO language VALUES('ii','iii','Nuosu');
INSERT INTO language VALUES(NULL,'ido','Ido');
INSERT INTO language VALUES(NULL,'ibo','Igbo');
INSERT INTO language VALUES(NULL,'ijo','Ijo');
INSERT INTO language VALUES(NULL,'ilo','Iloko');
INSERT INTO language VALUES(NULL,'inc','Indic (Other)');
INSERT INTO language VALUES(NULL,'ine','Indo-European (Other)');
INSERT INTO language VALUES('id','ind','Indonesian');
INSERT INTO language VALUES(NULL,'inh','Ingush');
INSERT INTO language VALUES('ia','ina','Interlingua (International Auxiliary language Association)');
INSERT INTO language VALUES('ie','ile','Interlingue');
INSERT INTO language VALUES('iu','iku','Inuktitut');
INSERT INTO language VALUES('ik','ipk','Inupiak');
INSERT INTO language VALUES(NULL,'ira','Iranian (Other)');
INSERT INTO language VALUES('ga','gle','Irish');
INSERT INTO language VALUES(NULL,'sga','Irish, Old (to 900)');
INSERT INTO language VALUES(NULL,'mga','Irish, Middle (900 - 1200)');
INSERT INTO language VALUES(NULL,'iro','Iroquoian languages');
INSERT INTO language VALUES('it','ita','Italian');
INSERT INTO language VALUES(NULL,'jbo','Lojban');
INSERT INTO language VALUES('ja','jpn','Japanese');
INSERT INTO language VALUES('jv','jaw','Javanese');
INSERT INTO language VALUES(NULL,'jrb','Judeo-Arabic');
INSERT INTO language VALUES(NULL,'jpr','Judeo-Persian');
INSERT INTO language VALUES(NULL,'kbd','Kabardian');
INSERT INTO language VALUES(NULL,'kab','Kabyle');
INSERT INTO language VALUES(NULL,'kac','Kachin');
INSERT INTO language VALUES('kl','kal','Greenlandic');
INSERT INTO language VALUES(NULL,'kam','Kamba');
INSERT INTO language VALUES('kn','kan','Kannada');
INSERT INTO language VALUES('kr','kau','Kanuri');
INSERT INTO language VALUES(NULL,'kaa','Kara-Kalpak');
INSERT INTO language VALUES(NULL,'krc','Karachay-Balkar');
INSERT INTO language VALUES(NULL,'krl','Karelian');
INSERT INTO language VALUES(NULL,'kar','Karen');
INSERT INTO language VALUES('ks','kas','Kashmiri');
INSERT INTO language VALUES(NULL,'kaw','Kawi');
INSERT INTO language VALUES('kk','kaz','Kazakh');
INSERT INTO language VALUES(NULL,'kha','Khasi');
INSERT INTO language VALUES('km','khm','Khmer');
INSERT INTO language VALUES(NULL,'khi','Khoisan (Other)');
INSERT INTO language VALUES(NULL,'kho','Khotanese');
INSERT INTO language VALUES(NULL,'kik','Kikuyu');
INSERT INTO language VALUES(NULL,'kmb','Kimbundu');
INSERT INTO language VALUES('rw','kin','Kinyarwanda');
INSERT INTO language VALUES('ky','kir','Kirghiz');
INSERT INTO language VALUES('kv','kom','Komi');
INSERT INTO language VALUES('kg','kon','Kongo');
INSERT INTO language VALUES(NULL,'kok','Konkani');
INSERT INTO language VALUES('ko','kor','Korean');
INSERT INTO language VALUES(NULL,'kos','Kosraean');
INSERT INTO language VALUES(NULL,'kpe','Kpelle');
INSERT INTO language VALUES(NULL,'kro','Kru');
INSERT INTO language VALUES('kj','kua','Kuanyama');
INSERT INTO language VALUES(NULL,'kum','Kumyk');
INSERT INTO language VALUES('ku','kur','Kurdish');
INSERT INTO language VALUES(NULL,'kru','Kurukh');
INSERT INTO language VALUES(NULL,'kut','Kutenai');
INSERT INTO language VALUES(NULL,'kus','Kusaie');
INSERT INTO language VALUES(NULL,'lad','Ladino');
INSERT INTO language VALUES(NULL,'lah','Lahnda');
INSERT INTO language VALUES(NULL,'lam','Lamba');
INSERT INTO language VALUES('lo','lao','Lao');
INSERT INTO language VALUES('la','lat','Latin');
INSERT INTO language VALUES('lv','lav','Latvian');
INSERT INTO language VALUES('lb','ltz','Letzeburgesch');
INSERT INTO language VALUES(NULL,'lez','Lezghian');
INSERT INTO language VALUES('li','lim','Limburgan');
INSERT INTO language VALUES('ln','lin','Lingala');
INSERT INTO language VALUES('lt','lit','Lithuanian');
INSERT INTO language VALUES(NULL,'lol','Mongo');
INSERT INTO language VALUES(NULL,'loz','Lozi');
INSERT INTO language VALUES('lu','lub','Luba-Katanga');
INSERT INTO language VALUES(NULL,'lua','Luba-Lulua');
INSERT INTO language VALUES(NULL,'lui','Luiseno');
INSERT INTO language VALUES(NULL,'lun','Lunda');
INSERT INTO language VALUES(NULL,'luo','Luo (Kenya and Tanzania)');
INSERT INTO language VALUES(NULL,'lus','Lushai');
INSERT INTO language VALUES('mk','mkd','Macedonian');
INSERT INTO language VALUES(NULL,'mad','Madurese');
INSERT INTO language VALUES(NULL,'mag','Magahi');
INSERT INTO language VALUES(NULL,'mai','Maithili');
INSERT INTO language VALUES(NULL,'mak','Makasar');
INSERT INTO language VALUES('mg','mlg','Malagasy');
INSERT INTO language VALUES('ms','msa','Malay');
INSERT INTO language VALUES('ml','mal','Malayalam');
INSERT INTO language VALUES('mt','mlt','Maltese');
INSERT INTO language VALUES(NULL,'mnc','Manchu');
INSERT INTO language VALUES(NULL,'mdr','Mandar');
INSERT INTO language VALUES(NULL,'man','Mandingo');
INSERT INTO language VALUES(NULL,'mni','Manipuri');
INSERT INTO language VALUES(NULL,'mno','Manobo languages');
INSERT INTO language VALUES('gv','glv','Manx');
INSERT INTO language VALUES('mi','mri','Maori');
INSERT INTO language VALUES('mr','mar','Marathi');
INSERT INTO language VALUES(NULL,'chm','Mari');
INSERT INTO language VALUES('mh','mah','Marshall');
INSERT INTO language VALUES(NULL,'mwr','Marwari');
INSERT INTO language VALUES(NULL,'mas','Masai');
INSERT INTO language VALUES(NULL,'myn','Mayan languages');
INSERT INTO language VALUES(NULL,'men','Mende');
INSERT INTO language VALUES(NULL,'mic','Micmac');
INSERT INTO language VALUES(NULL,'min','Minangkabau');
INSERT INTO language VALUES(NULL,'mwl','Mirandese');
INSERT INTO language VALUES(NULL,'mis','Miscellaneous (Other)');
INSERT INTO language VALUES(NULL,'moh','Mohawk');
INSERT INTO language VALUES(NULL,'mdf','Moksha');
-- INSERT INTO language VALUES('ro','ron','Moldavian');
INSERT INTO language VALUES(NULL,'mkh','Mon-Kmer (Other)');
INSERT INTO language VALUES('mn','mon','Mongolian');
INSERT INTO language VALUES(NULL,'mos','Mossi');
INSERT INTO language VALUES(NULL,'mul','Multiple languages');
INSERT INTO language VALUES(NULL,'mun','Munda languages');
INSERT INTO language VALUES(NULL,'myv','Erzya');
INSERT INTO language VALUES(NULL,'nah','Nahuatl languages');
INSERT INTO language VALUES('na','nau','Nauru');
INSERT INTO language VALUES('nv','nav','Navajo');
INSERT INTO language VALUES('nd','nde','Ndebele, North');
INSERT INTO language VALUES(NULL,'nds','German, Low');
INSERT INTO language VALUES('nr','nbl','Ndebele, South');
INSERT INTO language VALUES('ng','ndo','Ndongo');
INSERT INTO language VALUES(NULL,'nap','Neapolitan');
INSERT INTO language VALUES('ne','nep','Nepali');
INSERT INTO language VALUES(NULL,'new','Newari');
INSERT INTO language VALUES(NULL,'nia','Nias');
INSERT INTO language VALUES(NULL,'nic','Niger-Kordofanian (Other)');
INSERT INTO language VALUES(NULL,'ssa','Nilo-Saharan (Other)');
INSERT INTO language VALUES(NULL,'niu','Niuean');
INSERT INTO language VALUES(NULL,'nog','Nogai');
INSERT INTO language VALUES(NULL,'non','Norse, Old');
INSERT INTO language VALUES(NULL,'nai','North American Indian (Other)');
INSERT INTO language VALUES(NULL,'nso','Pedi');
INSERT INTO language VALUES('no','nor','Norwegian');
INSERT INTO language VALUES('nb','nob','Norwegian Bokmal');
INSERT INTO language VALUES('nn','nno','Norwegian (Nynorsk)');
INSERT INTO language VALUES(NULL,'nqo','N''Ko');
INSERT INTO language VALUES(NULL,'nub','Nubian languages');
INSERT INTO language VALUES(NULL,'nwc','Classical Nepal Bhasa');
INSERT INTO language VALUES(NULL,'nym','Nyamwezi');
INSERT INTO language VALUES('ny','nya','Nyanja');
INSERT INTO language VALUES(NULL,'nyn','Nyankole');
INSERT INTO language VALUES(NULL,'nyo','Nyoro');
INSERT INTO language VALUES(NULL,'nzi','Nzima');
INSERT INTO language VALUES('oc','oci','Occitan (post 1500)');
INSERT INTO language VALUES('oj','oji','Ojibwa');
INSERT INTO language VALUES('or','ori','Oriya');
INSERT INTO language VALUES('om','orm','Oromo');
INSERT INTO language VALUES(NULL,'osa','Osage');
INSERT INTO language VALUES('os','oss','Ossetic');
INSERT INTO language VALUES(NULL,'oto','Otomian languages');
INSERT INTO language VALUES(NULL,'pal','Pahlavi');
INSERT INTO language VALUES(NULL,'pau','Palauan');
INSERT INTO language VALUES('pi','pli','Pali');
INSERT INTO language VALUES(NULL,'pam','Pampanga');
INSERT INTO language VALUES(NULL,'pag','Pangasinan');
INSERT INTO language VALUES('pa','pan','Panjabi');
INSERT INTO language VALUES(NULL,'pap','Papiamento');
INSERT INTO language VALUES(NULL,'paa','Papuan-Australian (Other)');
INSERT INTO language VALUES('fa','fas','Persian');
INSERT INTO language VALUES(NULL,'peo','Persian, Old (ca 600 - 400 B.C.)');
INSERT INTO language VALUES(NULL,'phi','Philippine languages');
INSERT INTO language VALUES(NULL,'phn','Phoenician');
INSERT INTO language VALUES('pl','pol','Polish');
INSERT INTO language VALUES(NULL,'pon','Ponape');
INSERT INTO language VALUES('pt','por','Portuguese');
INSERT INTO language VALUES(NULL,'pra','Prakrit languages');
INSERT INTO language VALUES(NULL,'pro','Provencal, Old (to 1500)');
INSERT INTO language VALUES('ps','pus','Pushto');
INSERT INTO language VALUES('qu','que','Quechua');
INSERT INTO language VALUES(NULL,'raj','Rajasthani');
INSERT INTO language VALUES(NULL,'rap','Rapanui');
INSERT INTO language VALUES(NULL,'rar','Rarotongan');
INSERT INTO language VALUES(NULL,'roa','Romance (Other)');
INSERT INTO language VALUES('ro','ron','Romanian');
INSERT INTO language VALUES('rm','roh','Romansh');
INSERT INTO language VALUES(NULL,'rup','Aromanian');
INSERT INTO language VALUES(NULL,'rom','Romany');
INSERT INTO language VALUES('rn','run','Rundi');
INSERT INTO language VALUES('ru','rus','Russian');
INSERT INTO language VALUES(NULL,'sal','Salishan languages');
INSERT INTO language VALUES(NULL,'sam','Samaritan Aramaic');
INSERT INTO language VALUES(NULL,'smi','Sami languages');
INSERT INTO language VALUES('sm','smo','Samoan');
INSERT INTO language VALUES(NULL,'smj','Lule Sami');
INSERT INTO language VALUES(NULL,'sad','Sandawe');
INSERT INTO language VALUES('sg','sag','Sango');
INSERT INTO language VALUES('sa','san','Sanskrit');
INSERT INTO language VALUES(NULL,'sat','Santali');
INSERT INTO language VALUES(NULL,'srd','Sardinian');
INSERT INTO language VALUES(NULL,'sas','Sasak');
INSERT INTO language VALUES(NULL,'sco','Scots');
INSERT INTO language VALUES(NULL,'sel','Selkup');
INSERT INTO language VALUES(NULL,'sem','Semitic (Other)');
INSERT INTO language VALUES('sr','srp','Serbian');
INSERT INTO language VALUES('sh','scr','Serbo-Croatian');
INSERT INTO language VALUES(NULL,'srr','Serer');
INSERT INTO language VALUES(NULL,'shn','Shan');
INSERT INTO language VALUES('sn','sna','Shona');
INSERT INTO language VALUES(NULL,'scn','Sicilian');
INSERT INTO language VALUES(NULL,'sid','Sidamo');
INSERT INTO language VALUES(NULL,'smn','Inari Sami');
INSERT INTO language VALUES('se','sme','Northern Sami');
INSERT INTO language VALUES(NULL,'sgn','Sign Languages');
INSERT INTO language VALUES(NULL,'bla','Siksika');
INSERT INTO language VALUES('sd','snd','Sindhi');
INSERT INTO language VALUES('si','sin','Singhala');
INSERT INTO language VALUES(NULL,'sit','Sino-Tibetan (Other)');
INSERT INTO language VALUES(NULL,'sio','Siouan languages');
INSERT INTO language VALUES(NULL,'sms','Skolt Sami');
INSERT INTO language VALUES(NULL,'sla','Slavic (Other)');
INSERT INTO language VALUES('sk','slk','Slovak');
INSERT INTO language VALUES('sl','slv','Slovenian');
INSERT INTO language VALUES(NULL,'sog','Sogdian');
INSERT INTO language VALUES('so','som','Somali');
INSERT INTO language VALUES(NULL,'son','Songhai');
INSERT INTO language VALUES(NULL,'snk','Soninke');
INSERT INTO language VALUES(NULL,'wen','Sorbian languages');
INSERT INTO language VALUES('st','sot','Sotho, Southern');
INSERT INTO language VALUES(NULL,'sai','South American Indian (Other)');
INSERT INTO language VALUES('es','spa','Spanish');
INSERT INTO language VALUES(NULL,'srn','Sranan Tongo');
INSERT INTO language VALUES(NULL,'suk','Sukuma');
INSERT INTO language VALUES(NULL,'sux','Sumerian');
INSERT INTO language VALUES('su','sun','Sudanese');
INSERT INTO language VALUES(NULL,'sus','Susu');
INSERT INTO language VALUES('sw','swa','Swahili');
INSERT INTO language VALUES('ss','ssw','Swazi');
INSERT INTO language VALUES('sv','swe','Swedish');
INSERT INTO language VALUES(NULL,'syc','Classical Syriac');
INSERT INTO language VALUES(NULL,'syr','Syriac');
INSERT INTO language VALUES('tl','tgl','Tagalog');
INSERT INTO language VALUES('ty','tah','Tahitian');
INSERT INTO language VALUES(NULL,'tai','Tai languages');
INSERT INTO language VALUES('tg','tgk','Tajik');
INSERT INTO language VALUES(NULL,'tmh','Tamashek');
INSERT INTO language VALUES('ta','tam','Tamil');
INSERT INTO language VALUES('tt','tat','Tatar');
INSERT INTO language VALUES('te','tel','Telugu');
INSERT INTO language VALUES(NULL,'ter','Tereno');
INSERT INTO language VALUES(NULL,'tet','Tetum');
INSERT INTO language VALUES('th','tha','Thai');
INSERT INTO language VALUES('bo','bod','Tibetan');
INSERT INTO language VALUES(NULL,'tig','Tigre');
INSERT INTO language VALUES('ti','tir','Tigrinya');
INSERT INTO language VALUES(NULL,'tem','Timne');
INSERT INTO language VALUES(NULL,'tiv','Tivi');
INSERT INTO language VALUES(NULL,'tli','Tlingit');
INSERT INTO language VALUES(NULL,'tlh','Klingon');
INSERT INTO language VALUES(NULL,'tpi','Tok Pisin');
INSERT INTO language VALUES(NULL,'tkl','Tokelau');
INSERT INTO language VALUES(NULL,'tog','Tonga (Nyasa)');
INSERT INTO language VALUES('to','ton','Tonga (Tonga Islands)');
INSERT INTO language VALUES(NULL,'tru','Truk');
INSERT INTO language VALUES(NULL,'tsi','Tsimshian');
INSERT INTO language VALUES('ts','tso','Tsonga');
INSERT INTO language VALUES('tn','tsn','Tswana');
INSERT INTO language VALUES(NULL,'tum','Tumbuka');
INSERT INTO language VALUES(NULL,'tup','Tupi languages');
INSERT INTO language VALUES('tr','tur','Turkish');
INSERT INTO language VALUES(NULL,'ota','Turkish, Ottoman (1500 - 1928)');
INSERT INTO language VALUES('tk','tuk','Turkmen');
INSERT INTO language VALUES(NULL,'tvl','Tuvalu');
INSERT INTO language VALUES(NULL,'tyv','Tuvinian');
INSERT INTO language VALUES('tw','twi','Twi');
INSERT INTO language VALUES(NULL,'udm','Udmurt');
INSERT INTO language VALUES(NULL,'uga','Ugaritic');
INSERT INTO language VALUES('ug','uig','Uighur');
INSERT INTO language VALUES('uk','ukr','Ukrainian');
INSERT INTO language VALUES(NULL,'umb','Umbundu');
INSERT INTO language VALUES(NULL,'und','Undetermined');
INSERT INTO language VALUES('ur','urd','Urdu');
INSERT INTO language VALUES('uz','uzb','Uzbek');
INSERT INTO language VALUES(NULL,'vai','Vai');
INSERT INTO language VALUES('ve','ven','Venda');
INSERT INTO language VALUES('vi','vie','Vietnamese');
INSERT INTO language VALUES('vo','vol','Volapuk');
INSERT INTO language VALUES(NULL,'vot','Votic');
INSERT INTO language VALUES(NULL,'wak','Wakashan languages');
INSERT INTO language VALUES('wa','wln','Walloon');
INSERT INTO language VALUES(NULL,'wal','Walamo');
INSERT INTO language VALUES(NULL,'war','Waray');
INSERT INTO language VALUES(NULL,'was','Washo');
INSERT INTO language VALUES('cy','cym','Welsh');
INSERT INTO language VALUES('wo','wol','Wolof');
INSERT INTO language VALUES(NULL,'xal','Kalmyk');
INSERT INTO language VALUES('xh','xho','Xhosa');
INSERT INTO language VALUES(NULL,'sah','Yakut');
INSERT INTO language VALUES(NULL,'yao','Yao');
INSERT INTO language VALUES(NULL,'yap','Yap');
INSERT INTO language VALUES('yi','yid','Yiddish');
INSERT INTO language VALUES('yo','yor','Yoruba');
INSERT INTO language VALUES(NULL,'ypk','Yupik languages');
INSERT INTO language VALUES(NULL,'znd','Zande languages');
INSERT INTO language VALUES(NULL,'zap','Zapotec');
INSERT INTO language VALUES(NULL,'zen','Zenaga');
INSERT INTO language VALUES('za','zha','Zhuang');
INSERT INTO language VALUES('zu','zul','Zulu');
INSERT INTO language VALUES(NULL,'zza','Dimili');
INSERT INTO language VALUES(NULL,'zun','Zuni');
CREATE TABLE language_mappings (
    id           char(4),
    country      char(2),
    language     char(3),
    official     boolean,
    PRIMARY KEY (id)
);
INSERT INTO language_mappings VALUES('ad_0','ad','cat','true');
INSERT INTO language_mappings VALUES('ad_1','ad','fre','false');
INSERT INTO language_mappings VALUES('ad_2','ad','spa','false');
INSERT INTO language_mappings VALUES('ad_3','ad','por','false');
INSERT INTO language_mappings VALUES('af_0','af','pus','true');
INSERT INTO language_mappings VALUES('af_1','af','fas','true');
INSERT INTO language_mappings VALUES('af_2','af','uzb','false');
INSERT INTO language_mappings VALUES('af_3','af','eng','false');
INSERT INTO language_mappings VALUES('af_4','af','tuk','false');
INSERT INTO language_mappings VALUES('af_5','af','urd','false');
INSERT INTO language_mappings VALUES('af_6','af','urd','false');
INSERT INTO language_mappings VALUES('ai_0','ai','eng','true');
INSERT INTO language_mappings VALUES('al_1','al','gre','false');
INSERT INTO language_mappings VALUES('dz_0','dz','ara','true');
INSERT INTO language_mappings VALUES('dz_1','dz','ber','true');
INSERT INTO language_mappings VALUES('dz_2','dz','fre','false');
INSERT INTO language_mappings VALUES('ao_0','ao','por','true');
INSERT INTO language_mappings VALUES('ao_1','ao','umb','false');
INSERT INTO language_mappings VALUES('ao_2','ao','kmb','false');
INSERT INTO language_mappings VALUES('ao_3','ao','bnt','false');
INSERT INTO language_mappings VALUES('ag_0','ag','eng','true');
INSERT INTO language_mappings VALUES('ar_0','ar','spa','true');
INSERT INTO language_mappings VALUES('ar_1','ar','eng','false');
INSERT INTO language_mappings VALUES('ar_2','ar','ita','false');
INSERT INTO language_mappings VALUES('ar_3','ar','deu','false');
INSERT INTO language_mappings VALUES('ar_4','ar','fre','false');
INSERT INTO language_mappings VALUES('ar_5','ar','que','false');
INSERT INTO language_mappings VALUES('ar_6','ar','arn','false');
INSERT INTO language_mappings VALUES('am_0','am','hye','true');
INSERT INTO language_mappings VALUES('am_1','am','kum','false');
INSERT INTO language_mappings VALUES('au_0','au','eng','true');
INSERT INTO language_mappings VALUES('au_1','au','zho','false');
INSERT INTO language_mappings VALUES('au_2','au','ara','false');
INSERT INTO language_mappings VALUES('au_3','au','vie','false');
INSERT INTO language_mappings VALUES('at_0','at','deu','true');
INSERT INTO language_mappings VALUES('at_1','at','slv','false');
INSERT INTO language_mappings VALUES('at_2','at','hrv','false');
INSERT INTO language_mappings VALUES('at_3','at','hun','false');
INSERT INTO language_mappings VALUES('at_4','at','tur','false');
INSERT INTO language_mappings VALUES('aw_0','aw','pap','true');
INSERT INTO language_mappings VALUES('aw_1','aw','spa','false');
INSERT INTO language_mappings VALUES('aw_2','aw','eng','false');
INSERT INTO language_mappings VALUES('aw_3','aw','nld','true');
INSERT INTO language_mappings VALUES('aw_4','aw','zho','false');
INSERT INTO language_mappings VALUES('az_0','az','aze','true');
INSERT INTO language_mappings VALUES('az_1','az','tur','false');
INSERT INTO language_mappings VALUES('az_2','az','rus','false');
INSERT INTO language_mappings VALUES('az_3','az','hye','false');
INSERT INTO language_mappings VALUES('bb_0','bb','eng','true');
INSERT INTO language_mappings VALUES('bs_0','bs','eng','true');
INSERT INTO language_mappings VALUES('bh_0','bh','ara','true');
INSERT INTO language_mappings VALUES('bh_1','bh','eng','false');
INSERT INTO language_mappings VALUES('bh_2','bh','per','false');
INSERT INTO language_mappings VALUES('bh_3','bh','urd','false');
INSERT INTO language_mappings VALUES('bd_0','bd','ben','true');
INSERT INTO language_mappings VALUES('bd_1','bd','eng','false');
INSERT INTO language_mappings VALUES('by_0','by','bel','true');
INSERT INTO language_mappings VALUES('by_1','by','rus','true');
INSERT INTO language_mappings VALUES('be_0','be','nld','true');
INSERT INTO language_mappings VALUES('be_1','be','fre','true');
INSERT INTO language_mappings VALUES('be_2','be','deu','true');
INSERT INTO language_mappings VALUES('bz_0','bz','eng','true');
INSERT INTO language_mappings VALUES('bz_1','bz','spa','false');
INSERT INTO language_mappings VALUES('bz_2','bz','myn','false');
INSERT INTO language_mappings VALUES('bz_3','bz','deu','false');
INSERT INTO language_mappings VALUES('bj_0','bj','fre','true');
INSERT INTO language_mappings VALUES('bt_0','bt','dzo','true');
INSERT INTO language_mappings VALUES('bo_0','bo','spa','true');
INSERT INTO language_mappings VALUES('bo_1','bo','que','true');
INSERT INTO language_mappings VALUES('bo_2','bo','aym','true');
INSERT INTO language_mappings VALUES('bo_3','bo','grn','true');
INSERT INTO language_mappings VALUES('bm_0','bm','eng','true');
INSERT INTO language_mappings VALUES('bm_1','bm','por','false');
INSERT INTO language_mappings VALUES('ba_0','ba','bos','true');
INSERT INTO language_mappings VALUES('ba_1','ba','scr','true');
INSERT INTO language_mappings VALUES('ba_2','ba','hrv','true');
INSERT INTO language_mappings VALUES('bw_3','bw','eng','true');
INSERT INTO language_mappings VALUES('bw_1','bw','tsn','false');
INSERT INTO language_mappings VALUES('br_0','br','por','true');
INSERT INTO language_mappings VALUES('bn_0','bn','msa','true');
INSERT INTO language_mappings VALUES('bn_1','bn','zho','false');
INSERT INTO language_mappings VALUES('bn_2','bn','eng','false');
INSERT INTO language_mappings VALUES('bg_0','bg','bul','true');
INSERT INTO language_mappings VALUES('bf_0','bf','fre','true');
INSERT INTO language_mappings VALUES('bi_0','bi','run','true');
INSERT INTO language_mappings VALUES('bi_1','bi','fre','true');
INSERT INTO language_mappings VALUES('bi_2','bi','eng','false');
INSERT INTO language_mappings VALUES('bi_3','bi','swa','false');
INSERT INTO language_mappings VALUES('kh_0','kh','khm','true');
INSERT INTO language_mappings VALUES('kh_1','kh','fre','false');
INSERT INTO language_mappings VALUES('kh_2','kh','eng','false');
INSERT INTO language_mappings VALUES('cm_0','cm','fre','true');
INSERT INTO language_mappings VALUES('cm_1','cm','eng','true');
INSERT INTO language_mappings VALUES('ca_0','ca','eng','true');
INSERT INTO language_mappings VALUES('ca_1','ca','fre','true');
INSERT INTO language_mappings VALUES('cc_0','cc','eng','true');
INSERT INTO language_mappings VALUES('cc_1','cc','msa','true');
INSERT INTO language_mappings VALUES('ck_0','ck','eng','true');
INSERT INTO language_mappings VALUES('ck_1','ck','rar','true');
INSERT INTO language_mappings VALUES('cv_0','cv','por','true');
INSERT INTO language_mappings VALUES('cf_0','cf','fre','true');
INSERT INTO language_mappings VALUES('cf_1','cf','sag','false');
INSERT INTO language_mappings VALUES('cf_2','cf','ara','false');
INSERT INTO language_mappings VALUES('cf_3','cf','swa','false');
INSERT INTO language_mappings VALUES('td_0','td','fre','true');
INSERT INTO language_mappings VALUES('td_1','td','ara','true');
INSERT INTO language_mappings VALUES('cl_0','cl','spa','true');
INSERT INTO language_mappings VALUES('cl_1','cl','eng','false');
INSERT INTO language_mappings VALUES('cn_0','cn','zho','true');
INSERT INTO language_mappings VALUES('co_0','co','spa','true');
INSERT INTO language_mappings VALUES('km_0','km','fre','true');
INSERT INTO language_mappings VALUES('km_1','km','ara','true');
INSERT INTO language_mappings VALUES('cg_0','cg','fre','true');
INSERT INTO language_mappings VALUES('cg_1','cg','lin','false');
INSERT INTO language_mappings VALUES('cg_2','cg','kon','false');
INSERT INTO language_mappings VALUES('cr_0','cr','spa','true');
INSERT INTO language_mappings VALUES('cr_1','cr','eng','false');
INSERT INTO language_mappings VALUES('ci_0','ci','fre','true');
INSERT INTO language_mappings VALUES('cu_0','cu','spa','true');
INSERT INTO language_mappings VALUES('cy_0','cy','gre','true');
INSERT INTO language_mappings VALUES('cy_1','cy','tur','true');
INSERT INTO language_mappings VALUES('cy_2','cy','eng','false');
INSERT INTO language_mappings VALUES('cy_3','cy','ron','false');
INSERT INTO language_mappings VALUES('cy_4','cy','rus','false');
INSERT INTO language_mappings VALUES('cy_5','cy','bul','false');
INSERT INTO language_mappings VALUES('cy_6','cy','ara','false');
INSERT INTO language_mappings VALUES('cy_7','cy','fil','false');
INSERT INTO language_mappings VALUES('cx_0','cx','eng','true');
INSERT INTO language_mappings VALUES('cx_1','cx','zho','false');
INSERT INTO language_mappings VALUES('cx_2','cx','msa','false');
INSERT INTO language_mappings VALUES('cx_3','cx','tgl','false');
INSERT INTO language_mappings VALUES('cz_0','cz','cze','true');
INSERT INTO language_mappings VALUES('cz_1','cz','slo','false');
INSERT INTO language_mappings VALUES('dk_0','dk','dan','true');
INSERT INTO language_mappings VALUES('dk_1','dk','fao','false');
INSERT INTO language_mappings VALUES('dk_2','dk','kal','false');
INSERT INTO language_mappings VALUES('dk_3','dk','deu','false');
INSERT INTO language_mappings VALUES('dj_0','dj','ara','true');
INSERT INTO language_mappings VALUES('dj_1','dj','fre','true');
INSERT INTO language_mappings VALUES('dj_2','dj','aar','false');
INSERT INTO language_mappings VALUES('dj_3','dj','som','false');
INSERT INTO language_mappings VALUES('dm_0','dm','eng','true');
INSERT INTO language_mappings VALUES('dm_1','dm','fre','false');
INSERT INTO language_mappings VALUES('do_0','do','spa','true');
INSERT INTO language_mappings VALUES('do_1','do','eng','false');
INSERT INTO language_mappings VALUES('tl_0','tl','tet','true');
INSERT INTO language_mappings VALUES('tl_1','tl','por','true');
INSERT INTO language_mappings VALUES('tl_2','tl','ind','false');
INSERT INTO language_mappings VALUES('tl_3','tl','eng','false');
INSERT INTO language_mappings VALUES('ec_0','ec','spa','true');
INSERT INTO language_mappings VALUES('ec_1','ec','que','false');
INSERT INTO language_mappings VALUES('eg_0','eg','ara','true');
INSERT INTO language_mappings VALUES('sv_0','sv','spa','true');
INSERT INTO language_mappings VALUES('gq_0','gq','spa','true');
INSERT INTO language_mappings VALUES('gq_1','gq','fre','true');
INSERT INTO language_mappings VALUES('gq_2','gq','por','true');
INSERT INTO language_mappings VALUES('gq_3','gq','fan','false');
INSERT INTO language_mappings VALUES('er_0','er','tir','true');
INSERT INTO language_mappings VALUES('er_1','er','ara','true');
INSERT INTO language_mappings VALUES('er_2','er','eng','true');
INSERT INTO language_mappings VALUES('er_3','er','tig','false');
INSERT INTO language_mappings VALUES('er_4','er','aar','false');
INSERT INTO language_mappings VALUES('er_5','er','bas','false');
INSERT INTO language_mappings VALUES('ee_0','ee','est','true');
INSERT INTO language_mappings VALUES('ee_1','ee','rus','false');
INSERT INTO language_mappings VALUES('ee_2','ee','fin','false');
INSERT INTO language_mappings VALUES('ee_3','ee','ukr','false');
INSERT INTO language_mappings VALUES('ee_4','ee','eng','false');
INSERT INTO language_mappings VALUES('et_0','et','amh','true');
INSERT INTO language_mappings VALUES('et_1','et','orm','true');
INSERT INTO language_mappings VALUES('et_2','et','som','true');
INSERT INTO language_mappings VALUES('et_3','et','tir','true');
INSERT INTO language_mappings VALUES('et_4','et','eng','false');
INSERT INTO language_mappings VALUES('fj_0','fj','fij','true');
INSERT INTO language_mappings VALUES('fj_1','fj','hin','false');
INSERT INTO language_mappings VALUES('fj_2','fj','eng','false');
INSERT INTO language_mappings VALUES('fi_0','fi','fin','true');
INSERT INTO language_mappings VALUES('fi_1','fi','swe','true');
INSERT INTO language_mappings VALUES('fi_2','fi','rus','false');
INSERT INTO language_mappings VALUES('fk_0','fk','eng','true');
INSERT INTO language_mappings VALUES('fk_1','fk','spa','false');
INSERT INTO language_mappings VALUES('fm_0','fm','eng','true');
INSERT INTO language_mappings VALUES('fo_0','fo','fao','true');
INSERT INTO language_mappings VALUES('fo_1','fo','dan','false');
INSERT INTO language_mappings VALUES('fr_0','fr','fre','true');
INSERT INTO language_mappings VALUES('fr_1','fr','bre','false');
INSERT INTO language_mappings VALUES('fr_2','fr','cos','false');
INSERT INTO language_mappings VALUES('ga_0','ga','fre','true');
INSERT INTO language_mappings VALUES('ga_1','ga','fan','false');
INSERT INTO language_mappings VALUES('ge_0','ge','kat','true');
INSERT INTO language_mappings VALUES('ge_1','ge','rus','false');
INSERT INTO language_mappings VALUES('ge_2','ge','hye','false');
INSERT INTO language_mappings VALUES('ge_3','ge','aze','false');
INSERT INTO language_mappings VALUES('ge_4','ge','abk','false');
INSERT INTO language_mappings VALUES('de_0','de','deu','true');
INSERT INTO language_mappings VALUES('gh_0','gh','eng','true');
INSERT INTO language_mappings VALUES('gh_1','gh','twi','false');
INSERT INTO language_mappings VALUES('gh_2','gh','fat','false');
INSERT INTO language_mappings VALUES('gh_3','gh','gaa','false');
INSERT INTO language_mappings VALUES('gh_4','gh','ewe','false');
INSERT INTO language_mappings VALUES('gi_0','gi','eng','true');
INSERT INTO language_mappings VALUES('gi_1','gi','spa','false');
INSERT INTO language_mappings VALUES('gi_2','gi','ita','false');
INSERT INTO language_mappings VALUES('gi_3','gi','por','false');
INSERT INTO language_mappings VALUES('gl_0','gl','kal','true');
INSERT INTO language_mappings VALUES('gl_1','gl','dan','false');
INSERT INTO language_mappings VALUES('gl_2','gl','eng','false');
INSERT INTO language_mappings VALUES('gm_0','gm','eng','true');
INSERT INTO language_mappings VALUES('gm_1','gm','wol','false');
INSERT INTO language_mappings VALUES('gr_0','gr','gre','true');
INSERT INTO language_mappings VALUES('gd_0','gd','eng','true');
INSERT INTO language_mappings VALUES('gt_0','gt','spa','true');
INSERT INTO language_mappings VALUES('gt_1','gt','myn','false');
INSERT INTO language_mappings VALUES('gn_0','gn','fre','true');
INSERT INTO language_mappings VALUES('gn_1','gn','sus','false');
INSERT INTO language_mappings VALUES('gu_0','gu','eng','true');
INSERT INTO language_mappings VALUES('gu_1','gu','fil','false');
INSERT INTO language_mappings VALUES('gu_2','gu','cha','false');
INSERT INTO language_mappings VALUES('gw_0','gw','por','true');
INSERT INTO language_mappings VALUES('gy_0','gy','eng','true');
INSERT INTO language_mappings VALUES('hk_0','hk','zho','true');
INSERT INTO language_mappings VALUES('hk_1','hk','eng','true');
INSERT INTO language_mappings VALUES('ht_0','ht','fre','true');
INSERT INTO language_mappings VALUES('hn_0','hn','spa','true');
INSERT INTO language_mappings VALUES('hn_1','hn','eng','false');
INSERT INTO language_mappings VALUES('hr_0','hr','hrv','true');
INSERT INTO language_mappings VALUES('hr_1','hr','srp','false');
INSERT INTO language_mappings VALUES('hu_0','hu','hun','true');
INSERT INTO language_mappings VALUES('hu_1','hu','eng','false');
INSERT INTO language_mappings VALUES('hu_2','hu','deu','false');
INSERT INTO language_mappings VALUES('hu_3','hu','rus','false');
INSERT INTO language_mappings VALUES('hu_4','hu','ron','false');
INSERT INTO language_mappings VALUES('hu_5','hu','fre','false');
INSERT INTO language_mappings VALUES('is_0','is','isl','true');
INSERT INTO language_mappings VALUES('is_1','is','eng','false');
INSERT INTO language_mappings VALUES('is_2','is','deu','false');
INSERT INTO language_mappings VALUES('im_0','im','eng','true');
INSERT INTO language_mappings VALUES('im_1','im','glv','false');
INSERT INTO language_mappings VALUES('in_0','in','hin','true');
INSERT INTO language_mappings VALUES('in_1','in','eng','true');
INSERT INTO language_mappings VALUES('in_2','in','ben','false');
INSERT INTO language_mappings VALUES('in_3','in','guj','false');
INSERT INTO language_mappings VALUES('in_4','in','kas','false');
INSERT INTO language_mappings VALUES('in_5','in','mal','false');
INSERT INTO language_mappings VALUES('in_6','in','mar','false');
INSERT INTO language_mappings VALUES('in_7','in','ori','false');
INSERT INTO language_mappings VALUES('in_8','in','pan','false');
INSERT INTO language_mappings VALUES('in_9','in','tam','false');
INSERT INTO language_mappings VALUES('in_10','in','tel','false');
INSERT INTO language_mappings VALUES('in_11','in','urd','false');
INSERT INTO language_mappings VALUES('in_12','in','kan','false');
INSERT INTO language_mappings VALUES('in_13','in','asm','false');
INSERT INTO language_mappings VALUES('in_14','in','san','false');
INSERT INTO language_mappings VALUES('in_15','in','snd','false');
INSERT INTO language_mappings VALUES('id_0','id','ind','true');
INSERT INTO language_mappings VALUES('id_1','id','nld','false');
INSERT INTO language_mappings VALUES('id_2','id','jaw','false');
INSERT INTO language_mappings VALUES('id_3','id','eng','false');
INSERT INTO language_mappings VALUES('ir_0','ir','per','true');
INSERT INTO language_mappings VALUES('ir_1','ir','kur','false');
INSERT INTO language_mappings VALUES('ir_2','ir','ara','false');
INSERT INTO language_mappings VALUES('iq_0','iq','ara','true');
INSERT INTO language_mappings VALUES('iq_1','iq','kur','false');
INSERT INTO language_mappings VALUES('iq_2','iq','tuk','false');
INSERT INTO language_mappings VALUES('iq_3','iq','syr','false');
INSERT INTO language_mappings VALUES('iq_4','iq','hye','false');
INSERT INTO language_mappings VALUES('ie_0','ie','eng','true');
INSERT INTO language_mappings VALUES('ie_1','ie','gle','false');
INSERT INTO language_mappings VALUES('ie_2','ie','gla','false');
INSERT INTO language_mappings VALUES('il_0','il','heb','true');
INSERT INTO language_mappings VALUES('il_1','il','ara','false');
INSERT INTO language_mappings VALUES('il_2','il','eng','false');
INSERT INTO language_mappings VALUES('it_0','it','ita','true');
INSERT INTO language_mappings VALUES('it_1','it','deu','false');
INSERT INTO language_mappings VALUES('it_2','it','fre','false');
INSERT INTO language_mappings VALUES('it_3','it','slv','false');
INSERT INTO language_mappings VALUES('jm_0','jm','eng','true');
INSERT INTO language_mappings VALUES('jp_0','jp','jpn','true');
INSERT INTO language_mappings VALUES('jo_0','jo','ara','true');
INSERT INTO language_mappings VALUES('jo_1','jo','eng','false');
INSERT INTO language_mappings VALUES('kz_0','kz','kaz','true');
INSERT INTO language_mappings VALUES('kz_1','kz','rus','true');
INSERT INTO language_mappings VALUES('ke_0','ke','eng','true');
INSERT INTO language_mappings VALUES('ke_1','ke','swa','true');
INSERT INTO language_mappings VALUES('ki_0','ki','eng','true');
INSERT INTO language_mappings VALUES('ki_1','ki','gil','false');
INSERT INTO language_mappings VALUES('kp_0','kp','kor','true');
INSERT INTO language_mappings VALUES('kr_0','kr','kor','true');
INSERT INTO language_mappings VALUES('kw_0','kw','ara','true');
INSERT INTO language_mappings VALUES('kw_1','kw','eng','false');
INSERT INTO language_mappings VALUES('kg_0','kg','kir','true');
INSERT INTO language_mappings VALUES('kg_1','kg','rus','true');
INSERT INTO language_mappings VALUES('kg_2','kg','uzb','false');
INSERT INTO language_mappings VALUES('ky_0','ky','eng','true');
INSERT INTO language_mappings VALUES('ky_1','ky','spa','false');
INSERT INTO language_mappings VALUES('ky_2','ky','fil','false');
INSERT INTO language_mappings VALUES('la_0','la','lao','true');
INSERT INTO language_mappings VALUES('la_1','la','fre','false');
INSERT INTO language_mappings VALUES('la_2','la','eng','false');
INSERT INTO language_mappings VALUES('lv_0','lv','lav','true');
INSERT INTO language_mappings VALUES('lv_1','lv','rus','false');
INSERT INTO language_mappings VALUES('lb_0','lb','ara','true');
INSERT INTO language_mappings VALUES('lb_1','lb','fre','false');
INSERT INTO language_mappings VALUES('lb_2','lb','eng','false');
INSERT INTO language_mappings VALUES('lb_3','lb','hye','false');
INSERT INTO language_mappings VALUES('ls_0','ls','eng','true');
INSERT INTO language_mappings VALUES('ls_1','ls','sot','true');
INSERT INTO language_mappings VALUES('ls_2','ls','zul','false');
INSERT INTO language_mappings VALUES('ls_3','ls','xho','false');
INSERT INTO language_mappings VALUES('lr_0','lr','eng','true');
INSERT INTO language_mappings VALUES('ly_0','ly','ara','true');
INSERT INTO language_mappings VALUES('ly_1','ly','ita','false');
INSERT INTO language_mappings VALUES('ly_2','ly','ber','false');
INSERT INTO language_mappings VALUES('ly_3','ly','eng','false');
INSERT INTO language_mappings VALUES('li_0','li','deu','true');
INSERT INTO language_mappings VALUES('li_1','li','ita','false');
INSERT INTO language_mappings VALUES('li_2','li','tur','false');
INSERT INTO language_mappings VALUES('li_3','li','por','false');
INSERT INTO language_mappings VALUES('lt_0','lt','lit','true');
INSERT INTO language_mappings VALUES('lt_1','lt','pol','false');
INSERT INTO language_mappings VALUES('lt_2','lt','rus','false');
INSERT INTO language_mappings VALUES('lu_0','lu','ltz','true');
INSERT INTO language_mappings VALUES('lu_1','lu','fre','true');
INSERT INTO language_mappings VALUES('lu_2','lu','deu','true');
INSERT INTO language_mappings VALUES('lu_3','lu','por','false');
INSERT INTO language_mappings VALUES('lu_4','lu','ita','false');
INSERT INTO language_mappings VALUES('lu_5','lu','eng','false');
INSERT INTO language_mappings VALUES('md_0','md','ron','true');
INSERT INTO language_mappings VALUES('md_1','md','rus','false');
INSERT INTO language_mappings VALUES('md_2','md','ukr','false');
INSERT INTO language_mappings VALUES('md_3','md','bul','false');
INSERT INTO language_mappings VALUES('md_4','md','rom','false');
INSERT INTO language_mappings VALUES('me_0','me','cnr','true');
INSERT INTO language_mappings VALUES('me_1','me','srp','false');
INSERT INTO language_mappings VALUES('me_2','me','bos','false');
INSERT INTO language_mappings VALUES('me_3','me','sqi','false');
INSERT INTO language_mappings VALUES('me_4','me','scr','false');
INSERT INTO language_mappings VALUES('mk_0','mk','mak','true');
INSERT INTO language_mappings VALUES('mk_1','mk','sqi','true');
INSERT INTO language_mappings VALUES('mk_2','mk','tur','false');
INSERT INTO language_mappings VALUES('mg_0','mg','mlg','true');
INSERT INTO language_mappings VALUES('mg_1','mg','fre','true');
INSERT INTO language_mappings VALUES('mw_0','mw','eng','true');
INSERT INTO language_mappings VALUES('my_0','my','msa','true');
INSERT INTO language_mappings VALUES('my_1','my','zho','false');
INSERT INTO language_mappings VALUES('my_2','my','tam','false');
INSERT INTO language_mappings VALUES('my_3','my','eng','false');
INSERT INTO language_mappings VALUES('mv_0','mv','div','true');
INSERT INTO language_mappings VALUES('mv_1','mv','ara','false');
INSERT INTO language_mappings VALUES('mv_2','mv','hin','false');
INSERT INTO language_mappings VALUES('mv_3','mv','eng','false');
INSERT INTO language_mappings VALUES('ml_0','ml','fre','true');
INSERT INTO language_mappings VALUES('ml_1','ml','bam','false');
INSERT INTO language_mappings VALUES('ml_2','ml','fre','true');
INSERT INTO language_mappings VALUES('ms_0','ms','eng','true');
INSERT INTO language_mappings VALUES('mt_0','mt','mlt','true');
INSERT INTO language_mappings VALUES('mt_1','mt','eng','true');
INSERT INTO language_mappings VALUES('mh_0','mh','mah','true');
INSERT INTO language_mappings VALUES('mh_1','mh','eng','true');
INSERT INTO language_mappings VALUES('mr_0','mr','ara','true');
INSERT INTO language_mappings VALUES('mr_1','mr','wol','true');
INSERT INTO language_mappings VALUES('mr_2','mr','fre','false');
INSERT INTO language_mappings VALUES('mu_0','mu','eng','true');
INSERT INTO language_mappings VALUES('mu_1','mu','fre','true');
INSERT INTO language_mappings VALUES('mu_2','mu','hin','false');
INSERT INTO language_mappings VALUES('mu_3','mu','urd','false');
INSERT INTO language_mappings VALUES('mu_4','mu','bho','false');
INSERT INTO language_mappings VALUES('mx_0','mx','spa','true');
INSERT INTO language_mappings VALUES('mc_0','mc','fre','true');
INSERT INTO language_mappings VALUES('mc_1','mc','eng','false');
INSERT INTO language_mappings VALUES('mc_2','mc','ita','false');
INSERT INTO language_mappings VALUES('mn_0','mn','mon','true');
INSERT INTO language_mappings VALUES('mn_1','mn','rus','false');
INSERT INTO language_mappings VALUES('mn_2','mn','zho','false');
INSERT INTO language_mappings VALUES('mo_0','mo','zho','true');
INSERT INTO language_mappings VALUES('mo_1','mo','tgl','false');
INSERT INTO language_mappings VALUES('mo_2','mo','eng','false');
INSERT INTO language_mappings VALUES('mo_3','mo','por','false');
INSERT INTO language_mappings VALUES('mp_0','mp','cha','true');
INSERT INTO language_mappings VALUES('mp_1','mp','eng','true');
INSERT INTO language_mappings VALUES('mp_2','mp','phi','false');
INSERT INTO language_mappings VALUES('mp_3','mp','zho','false');
INSERT INTO language_mappings VALUES('ma_0','ma','ara','true');
INSERT INTO language_mappings VALUES('ma_1','ma','ber','false');
INSERT INTO language_mappings VALUES('ma_2','ma','fre','false');
INSERT INTO language_mappings VALUES('ma_3','ma','spa','false');
INSERT INTO language_mappings VALUES('mz_0','mz','por','true');
INSERT INTO language_mappings VALUES('mz_1','mz','bnt','false');
INSERT INTO language_mappings VALUES('mm_0','mm','mya','true');
INSERT INTO language_mappings VALUES('na_0','na','afr','true');
INSERT INTO language_mappings VALUES('na_1','na','deu','true');
INSERT INTO language_mappings VALUES('na_2','na','eng','true');
INSERT INTO language_mappings VALUES('nc_0','nc','fre','true');
INSERT INTO language_mappings VALUES('nr_0','nr','nau','true');
INSERT INTO language_mappings VALUES('nr_1','nr','eng','false');
INSERT INTO language_mappings VALUES('np_0','np','nep','true');
INSERT INTO language_mappings VALUES('np_1','np','new','false');
INSERT INTO language_mappings VALUES('np_2','np','mai','false');
INSERT INTO language_mappings VALUES('nl_0','nl','nld','true');
INSERT INTO language_mappings VALUES('nl_1','nl','fry','false');
INSERT INTO language_mappings VALUES('nz_0','nz','eng','true');
INSERT INTO language_mappings VALUES('nz_1','nz','mri','true');
INSERT INTO language_mappings VALUES('nz_2','nz','smo','false');
INSERT INTO language_mappings VALUES('nz_3','nz','hin','false');
INSERT INTO language_mappings VALUES('nz_4','nz','fre','false');
INSERT INTO language_mappings VALUES('ni_0','ni','spa','true');
INSERT INTO language_mappings VALUES('ne_0','ne','fre','true');
INSERT INTO language_mappings VALUES('ne_1','ne','hau','false');
INSERT INTO language_mappings VALUES('ne_2','ne','son','false');
INSERT INTO language_mappings VALUES('ne_3','ne','ara','false');
INSERT INTO language_mappings VALUES('nf_0','nf','eng','true');
INSERT INTO language_mappings VALUES('ng_0','ng','eng','true');
INSERT INTO language_mappings VALUES('ng_1','ng','hau','false');
INSERT INTO language_mappings VALUES('ng_2','ng','yor','false');
INSERT INTO language_mappings VALUES('ng_3','ng','ibo','false');
INSERT INTO language_mappings VALUES('no_0','no','nno','true');
INSERT INTO language_mappings VALUES('no_1','no','nob','true');
INSERT INTO language_mappings VALUES('no_2','no','nor','true');
INSERT INTO language_mappings VALUES('no_3','no','smi','false');
INSERT INTO language_mappings VALUES('no_4','no','fin','false');
INSERT INTO language_mappings VALUES('nu_0','nu','niu','true');
INSERT INTO language_mappings VALUES('nu_1','nu','eng','true');
INSERT INTO language_mappings VALUES('om_0','om','ara','true');
INSERT INTO language_mappings VALUES('om_1','om','eng','false');
INSERT INTO language_mappings VALUES('om_2','om','bal','false');
INSERT INTO language_mappings VALUES('om_3','om','swa','false');
INSERT INTO language_mappings VALUES('om_4','om','urd','false');
INSERT INTO language_mappings VALUES('pk_0','pk','urd','true');
INSERT INTO language_mappings VALUES('pk_1','pk','eng','true');
INSERT INTO language_mappings VALUES('pk_2','pk','pan','false');
INSERT INTO language_mappings VALUES('pk_3','pk','snd','false');
INSERT INTO language_mappings VALUES('pk_4','pk','pus','false');
INSERT INTO language_mappings VALUES('pk_5','pk','bal','false');
INSERT INTO language_mappings VALUES('pw_0','pw','pau','true');
INSERT INTO language_mappings VALUES('pw_1','pw','eng','true');
INSERT INTO language_mappings VALUES('pa_0','pa','spa','true');
INSERT INTO language_mappings VALUES('pa_1','pa','eng','false');
INSERT INTO language_mappings VALUES('pg_0','pg','tpi','true');
INSERT INTO language_mappings VALUES('pg_1','pg','eng','true');
INSERT INTO language_mappings VALUES('pg_2','pg','hmo','true');
INSERT INTO language_mappings VALUES('py_0','py','spa','true');
INSERT INTO language_mappings VALUES('py_1','py','grn','false');
INSERT INTO language_mappings VALUES('pe_0','pe','spa','true');
INSERT INTO language_mappings VALUES('pe_1','pe','que','true');
INSERT INTO language_mappings VALUES('pe_2','pe','aym','true');
INSERT INTO language_mappings VALUES('pf_0','pf','fre','true');
INSERT INTO language_mappings VALUES('ph_0','ph','tgl','true');
INSERT INTO language_mappings VALUES('ph_1','ph','eng','true');
INSERT INTO language_mappings VALUES('ph_2','ph','ilo','false');
INSERT INTO language_mappings VALUES('ph_3','ph','ceb','false');
INSERT INTO language_mappings VALUES('pl_0','pl','pol','true');
INSERT INTO language_mappings VALUES('pm_0','pm','fre','true');
INSERT INTO language_mappings VALUES('pn_0','pn','eng','true');
INSERT INTO language_mappings VALUES('pr_0','pr','spa','true');
INSERT INTO language_mappings VALUES('pr_1','pr','eng','true');
INSERT INTO language_mappings VALUES('pt_0','pt','por','true');
INSERT INTO language_mappings VALUES('qa_0','qa','ara','true');
INSERT INTO language_mappings VALUES('qa_1','qa','eng','false');
INSERT INTO language_mappings VALUES('ro_0','ro','ron','true');
INSERT INTO language_mappings VALUES('ro_1','ro','hun','false');
INSERT INTO language_mappings VALUES('ro_2','ro','rom','false');
INSERT INTO language_mappings VALUES('ru_0','ru','rus','true');
INSERT INTO language_mappings VALUES('ru_1','ru','tat','false');
INSERT INTO language_mappings VALUES('ru_2','ru','che','false');
INSERT INTO language_mappings VALUES('rw_0','rw','kin','true');
INSERT INTO language_mappings VALUES('rw_1','rw','fre','true');
INSERT INTO language_mappings VALUES('rw_2','rw','eng','true');
INSERT INTO language_mappings VALUES('rw_3','rw','swa','true');
INSERT INTO language_mappings VALUES('kn_0','kn','eng','true');
INSERT INTO language_mappings VALUES('lc_0','lc','eng','true');
INSERT INTO language_mappings VALUES('vc_0','vc','eng','true');
INSERT INTO language_mappings VALUES('vc_1','vc','fre','false');
INSERT INTO language_mappings VALUES('ws_0','ws','smo','true');
INSERT INTO language_mappings VALUES('ws_1','ws','eng','true');
INSERT INTO language_mappings VALUES('sm_0','sm','ita','true');
INSERT INTO language_mappings VALUES('st_0','st','por','true');
INSERT INTO language_mappings VALUES('st_1','st','fre','false');
INSERT INTO language_mappings VALUES('st_2','st','eng','false');
INSERT INTO language_mappings VALUES('sa_0','sa','ara','true');
INSERT INTO language_mappings VALUES('sa_1','sa','eng','false');
INSERT INTO language_mappings VALUES('sn_0','sn','fre','true');
INSERT INTO language_mappings VALUES('sn_1','sn','wol','false');
INSERT INTO language_mappings VALUES('sn_2','sn','srr','false');
INSERT INTO language_mappings VALUES('sc_0','sc','eng','true');
INSERT INTO language_mappings VALUES('sc_1','sc','fre','true');
INSERT INTO language_mappings VALUES('sl_0','sl','eng','true');
INSERT INTO language_mappings VALUES('sl_1','sl','men','false');
INSERT INTO language_mappings VALUES('sl_2','sl','tem','false');
INSERT INTO language_mappings VALUES('sg_0','sg','msa','true');
INSERT INTO language_mappings VALUES('sg_1','sg','zho','true');
INSERT INTO language_mappings VALUES('sg_2','sg','tam','true');
INSERT INTO language_mappings VALUES('sg_3','sg','eng','true');
INSERT INTO language_mappings VALUES('sk_0','sk','slo','true');
INSERT INTO language_mappings VALUES('sk_1','sk','hun','false');
INSERT INTO language_mappings VALUES('si_0','si','slv','true');
INSERT INTO language_mappings VALUES('si_1','si','scr','false');
INSERT INTO language_mappings VALUES('si_2','si','ita','false');
INSERT INTO language_mappings VALUES('si_3','si','hun','false');
INSERT INTO language_mappings VALUES('sh_0','sh','eng','true');
INSERT INTO language_mappings VALUES('sb_0','sb','eng','true');
INSERT INTO language_mappings VALUES('sj_0','sj','nor','true');
INSERT INTO language_mappings VALUES('sj_1','sj','rus','true');
INSERT INTO language_mappings VALUES('so_0','so','som','true');
INSERT INTO language_mappings VALUES('so_1','so','ara','false');
INSERT INTO language_mappings VALUES('so_2','so','eng','false');
INSERT INTO language_mappings VALUES('so_3','so','ita','false');
INSERT INTO language_mappings VALUES('za_0','za','xho','true');
INSERT INTO language_mappings VALUES('za_1','za','zul','true');
INSERT INTO language_mappings VALUES('za_2','za','eng','true');
INSERT INTO language_mappings VALUES('za_3','za','afr','true');
INSERT INTO language_mappings VALUES('za_4','za','ssw','true');
INSERT INTO language_mappings VALUES('za_5','za','tso','true');
INSERT INTO language_mappings VALUES('za_6','za','ven','true');
INSERT INTO language_mappings VALUES('za_7','za','tsn','true');
INSERT INTO language_mappings VALUES('za_8','za','ven','false');
INSERT INTO language_mappings VALUES('es_0','es','spa','true');
INSERT INTO language_mappings VALUES('es_1','es','cat','false');
INSERT INTO language_mappings VALUES('es_2','es','glg','false');
INSERT INTO language_mappings VALUES('es_3','es','eus','false');
INSERT INTO language_mappings VALUES('es_4','es','arg','false');
INSERT INTO language_mappings VALUES('lk_0','lk','sin','true');
INSERT INTO language_mappings VALUES('lk_1','lk','tam','false');
INSERT INTO language_mappings VALUES('lk_2','lk','eng','false');
INSERT INTO language_mappings VALUES('sd_0','sd','ara','true');
INSERT INTO language_mappings VALUES('sd_1','sd','eng','false');
INSERT INTO language_mappings VALUES('sd_2','sd','nub','false');
INSERT INTO language_mappings VALUES('sr_0','sr','nld','true');
INSERT INTO language_mappings VALUES('sr_1','sr','eng','false');
INSERT INTO language_mappings VALUES('sr_2','sr','hin','false');
INSERT INTO language_mappings VALUES('sr_3','sr','jav','false');
INSERT INTO language_mappings VALUES('sz_0','sz','eng','true');
INSERT INTO language_mappings VALUES('sz_1','sz','ssw','true');
INSERT INTO language_mappings VALUES('se_0','se','swe','true');
INSERT INTO language_mappings VALUES('se_1','se','fin','false');
INSERT INTO language_mappings VALUES('se_2','se','rom','false');
INSERT INTO language_mappings VALUES('se_3','se','smi','false');
INSERT INTO language_mappings VALUES('se_4','se','yid','false');
INSERT INTO language_mappings VALUES('ch_0','ch','deu','true');
INSERT INTO language_mappings VALUES('ch_1','ch','fre','true');
INSERT INTO language_mappings VALUES('ch_2','ch','ita','true');
INSERT INTO language_mappings VALUES('ch_3','ch','roh','false');
INSERT INTO language_mappings VALUES('sy_0','sy','ara','true');
INSERT INTO language_mappings VALUES('sy_1','sy','kur','false');
INSERT INTO language_mappings VALUES('sy_2','sy','hye','false');
INSERT INTO language_mappings VALUES('sy_3','sy','arc','false');
INSERT INTO language_mappings VALUES('sy_4','sy','fre','false');
INSERT INTO language_mappings VALUES('sy_5','sy','eng','false');
INSERT INTO language_mappings VALUES('tc_0','tc','eng','true');
INSERT INTO language_mappings VALUES('tw_0','tw','zho','true');
INSERT INTO language_mappings VALUES('tw_1','tw','tai','false');
INSERT INTO language_mappings VALUES('tj_0','tj','tgk','true');
INSERT INTO language_mappings VALUES('tj_1','tj','uzb','false');
INSERT INTO language_mappings VALUES('tj_2','tj','kir','false');
INSERT INTO language_mappings VALUES('tj_3','tj','rus','false');
INSERT INTO language_mappings VALUES('tk_0','tk','tkl','true');
INSERT INTO language_mappings VALUES('tk_1','tk','eng','false');
INSERT INTO language_mappings VALUES('tk_2','tk','smo','false');
INSERT INTO language_mappings VALUES('tk_3','tk','tvl','false');
INSERT INTO language_mappings VALUES('tk_4','tk','gil','false');
INSERT INTO language_mappings VALUES('tz_0','tz','swa','true');
INSERT INTO language_mappings VALUES('tz_1','tz','eng','true');
INSERT INTO language_mappings VALUES('tz_2','tz','ara','false');
INSERT INTO language_mappings VALUES('th_0','th','tha','true');
INSERT INTO language_mappings VALUES('th_1','th','zho','false');
INSERT INTO language_mappings VALUES('th_2','th','eng','false');
INSERT INTO language_mappings VALUES('tg_0','tg','fre','true');
INSERT INTO language_mappings VALUES('tg_1','tg','ewe','false');
INSERT INTO language_mappings VALUES('tg_2','tg','kab','false');
INSERT INTO language_mappings VALUES('to_0','to','ton','true');
INSERT INTO language_mappings VALUES('to_1','to','eng','true');
INSERT INTO language_mappings VALUES('tt_0','tt','eng','true');
INSERT INTO language_mappings VALUES('tt_1','tt','hin','false');
INSERT INTO language_mappings VALUES('tt_2','tt','fre','false');
INSERT INTO language_mappings VALUES('tt_3','tt','spa','false');
INSERT INTO language_mappings VALUES('tt_4','tt','zho','false');
INSERT INTO language_mappings VALUES('tn_0','tn','ara','true');
INSERT INTO language_mappings VALUES('tn_1','tn','fre','false');
INSERT INTO language_mappings VALUES('tn_2','tn','ber','false');
INSERT INTO language_mappings VALUES('tr_0','tr','tur','true');
INSERT INTO language_mappings VALUES('tr_1','tr','kur','false');
INSERT INTO language_mappings VALUES('tm_0','tm','tuk','true');
INSERT INTO language_mappings VALUES('tm_1','tm','rus','false');
INSERT INTO language_mappings VALUES('tm_2','tm','uzb','false');
INSERT INTO language_mappings VALUES('tv_0','tv','tvl','true');
INSERT INTO language_mappings VALUES('tv_1','tv','eng','true');
INSERT INTO language_mappings VALUES('tv_2','tv','smo','false');
INSERT INTO language_mappings VALUES('tv_3','tv','gil','false');
INSERT INTO language_mappings VALUES('ug_0','ug','eng','true');
INSERT INTO language_mappings VALUES('ug_1','ug','swa','true');
INSERT INTO language_mappings VALUES('ug_2','ug','lug','false');
INSERT INTO language_mappings VALUES('ug_3','ug','ara','false');
INSERT INTO language_mappings VALUES('ua_0','ua','ukr','true');
INSERT INTO language_mappings VALUES('ua_1','ua','rus','false');
INSERT INTO language_mappings VALUES('ae_0','ae','ara','true');
INSERT INTO language_mappings VALUES('ae_1','ae','eng','false');
INSERT INTO language_mappings VALUES('gb_0','gb','eng','true');
INSERT INTO language_mappings VALUES('gb_1','gb','cym','false');
INSERT INTO language_mappings VALUES('gb_2','gb','gla','false');
INSERT INTO language_mappings VALUES('gb_3','gb','sco','false');
INSERT INTO language_mappings VALUES('gb_4','gb','cor','false');
INSERT INTO language_mappings VALUES('us_0','us','eng','true');
INSERT INTO language_mappings VALUES('us_1','us','spa','false');
INSERT INTO language_mappings VALUES('us_2','us','zho','false');
INSERT INTO language_mappings VALUES('uy_0','uy','spa','true');
INSERT INTO language_mappings VALUES('uz_0','uz','uzb','true');
INSERT INTO language_mappings VALUES('uz_1','uz','rus','false');
INSERT INTO language_mappings VALUES('uz_2','uz','tgk','false');
INSERT INTO language_mappings VALUES('vu_0','vu','bis','true');
INSERT INTO language_mappings VALUES('vu_1','vu','eng','true');
INSERT INTO language_mappings VALUES('vu_2','vu','fre','true');
INSERT INTO language_mappings VALUES('va_0','va','ita','true');
INSERT INTO language_mappings VALUES('va_1','va','lat','false');
INSERT INTO language_mappings VALUES('va_2','va','fre','false');
INSERT INTO language_mappings VALUES('ve_0','ve','spa','true');
INSERT INTO language_mappings VALUES('vn_0','vn','vie','true');
INSERT INTO language_mappings VALUES('vn_1','vn','fre','false');
INSERT INTO language_mappings VALUES('vn_2','vn','eng','false');
INSERT INTO language_mappings VALUES('vn_3','vn','khm','false');
INSERT INTO language_mappings VALUES('vn_4','vn','zho','false');
INSERT INTO language_mappings VALUES('wf_0','wf','fre','true');
INSERT INTO language_mappings VALUES('eh_0','eh','ara','true');
INSERT INTO language_mappings VALUES('ye_0','ye','ara','true');
INSERT INTO language_mappings VALUES('zm_0','zm','eng','true');
INSERT INTO language_mappings VALUES('zm_1','zm','bem','false');
INSERT INTO language_mappings VALUES('zm_2','zm','nya','false');
INSERT INTO language_mappings VALUES('zm_3','zm','loz','false');
INSERT INTO language_mappings VALUES('zm_4','zm','tum','false');
INSERT INTO language_mappings VALUES('zm_5','zm','lun','false');
INSERT INTO language_mappings VALUES('zm_6','zm','lam','false');
INSERT INTO language_mappings VALUES('zw_0','zw','eng','true');
INSERT INTO language_mappings VALUES('zw_1','zw','sna','true');
INSERT INTO language_mappings VALUES('zw_2','zw','nbl','true');
INSERT INTO language_mappings VALUES('cd_0','cd','fre','true');
INSERT INTO language_mappings VALUES('cd_1','cd','lin','false');
INSERT INTO language_mappings VALUES('cd_2','cd','swa','false');
INSERT INTO language_mappings VALUES('rs_0','rs','srp','true');
INSERT INTO language_mappings VALUES('rs_1','rs','hun','false');
INSERT INTO language_mappings VALUES('rs_2','rs','rom','false');
INSERT INTO language_mappings VALUES('rs_3','rs','bos','false');
CREATE TABLE timezone (
    country_code          char(2),
    timezone              char(50),
    is_default            boolean
);
INSERT INTO timezone VALUES('ag','America/Antigua','true');
INSERT INTO timezone VALUES('ai','America/Anguilla','true');
INSERT INTO timezone VALUES('an','America/Curacao','true');
INSERT INTO timezone VALUES('ar','America/Buenos_Aires','true');
INSERT INTO timezone VALUES('ar','America/Catamarca','false');
INSERT INTO timezone VALUES('ar','America/Cordoba','false');
INSERT INTO timezone VALUES('ar','America/Cordoba','false');
INSERT INTO timezone VALUES('ar','America/Jujuy','false');
INSERT INTO timezone VALUES('ar','America/Mendoza','false');
INSERT INTO timezone VALUES('aw','America/Aruba','true');
INSERT INTO timezone VALUES('bb','America/Barbados','true');
INSERT INTO timezone VALUES('bo','America/La_Paz','true');
INSERT INTO timezone VALUES('br','America/Rio_Branco','false');
INSERT INTO timezone VALUES('br','America/Eirunepe','false');
INSERT INTO timezone VALUES('br','America/Manaus','false');
INSERT INTO timezone VALUES('br','America/Boa_Vista','false');
INSERT INTO timezone VALUES('br','America/Porto_Velho','false');
INSERT INTO timezone VALUES('br','America/Cuiaba','false');
INSERT INTO timezone VALUES('br','America/Sao_Paulo','false');
INSERT INTO timezone VALUES('br','America/Maceio','false');
INSERT INTO timezone VALUES('br','America/Araguaina','false');
INSERT INTO timezone VALUES('br','America/Recife','false');
INSERT INTO timezone VALUES('br','America/Fortaleza','false');
INSERT INTO timezone VALUES('br','America/Belem','false');
INSERT INTO timezone VALUES('br','America/Noronha','true');
INSERT INTO timezone VALUES('bs','America/Nassau','true');
INSERT INTO timezone VALUES('bz','America/Belize','true');
INSERT INTO timezone VALUES('ca','America/Dawson','false');
INSERT INTO timezone VALUES('ca','America/Vancouver','false');
INSERT INTO timezone VALUES('ca','America/Whitehorse','false');
INSERT INTO timezone VALUES('ca','America/Dawson_Creek','false');
INSERT INTO timezone VALUES('ca','America/Inuvik','false');
INSERT INTO timezone VALUES('ca','America/Yellowknife','false');
INSERT INTO timezone VALUES('ca','America/Edmonton','false');
INSERT INTO timezone VALUES('ca','America/Cambridge_Bay','false');
INSERT INTO timezone VALUES('ca','America/Winnipeg','false');
INSERT INTO timezone VALUES('ca','America/Rainy_River','false');
INSERT INTO timezone VALUES('ca','America/Regina','false');
INSERT INTO timezone VALUES('ca','America/Swift_Current','false');
INSERT INTO timezone VALUES('ca','America/Rankin_Inlet','false');
INSERT INTO timezone VALUES('ca','America/Iqaluit','false');
INSERT INTO timezone VALUES('ca','America/Montreal','true');
INSERT INTO timezone VALUES('ca','America/Thunder_Bay','false');
INSERT INTO timezone VALUES('ca','America/Nipigon','false');
INSERT INTO timezone VALUES('ca','America/Pangnirtung','false');
INSERT INTO timezone VALUES('ca','America/Glace_Bay','false');
INSERT INTO timezone VALUES('ca','America/Goose_Bay','false');
INSERT INTO timezone VALUES('ca','America/Halifax','false');
INSERT INTO timezone VALUES('ca','America/St_Johns','false');
INSERT INTO timezone VALUES('cl','America/Santiago','true');
INSERT INTO timezone VALUES('co','America/Bogota','true');
INSERT INTO timezone VALUES('cr','America/Costa_Rica','true');
INSERT INTO timezone VALUES('cu','America/Havana','true');
INSERT INTO timezone VALUES('dm','America/Dominica','true');
INSERT INTO timezone VALUES('do','America/Santo_Domingo','true');
INSERT INTO timezone VALUES('ec','America/Guayaquil','true');
INSERT INTO timezone VALUES('gd','America/Grenada','true');
INSERT INTO timezone VALUES('gf','America/Cayenne','true');
INSERT INTO timezone VALUES('gl','America/Danmarkshavn','false');
INSERT INTO timezone VALUES('gl','America/Scoresbysund','false');
INSERT INTO timezone VALUES('gl','America/Thule','false');
INSERT INTO timezone VALUES('gp','America/Guadeloupe','true');
INSERT INTO timezone VALUES('gt','America/Guatemala','true');
INSERT INTO timezone VALUES('gy','America/Guyana','true');
INSERT INTO timezone VALUES('hn','America/Tegucigalpa','true');
INSERT INTO timezone VALUES('ht','America/Port-au-Prince','true');
INSERT INTO timezone VALUES('jm','America/Jamaica','true');
INSERT INTO timezone VALUES('kn','America/St_Kitts','true');
INSERT INTO timezone VALUES('ky','America/Cayman','true');
INSERT INTO timezone VALUES('lc','America/St_Lucia','true');
INSERT INTO timezone VALUES('mq','America/Martinique','true');
INSERT INTO timezone VALUES('ms','America/Montserrat','true');
INSERT INTO timezone VALUES('mx','America/Tijuana','false');
INSERT INTO timezone VALUES('mx','America/Chihuahua','false');
INSERT INTO timezone VALUES('mx','America/Hermosillo','false');
INSERT INTO timezone VALUES('mx','America/Mazatlan','false');
INSERT INTO timezone VALUES('mx','America/Merida','false');
INSERT INTO timezone VALUES('mx','America/Mexico_City','true');
INSERT INTO timezone VALUES('mx','America/Monterrey','false');
INSERT INTO timezone VALUES('mx','America/Cancun','false');
INSERT INTO timezone VALUES('ni','America/Managua','true');
INSERT INTO timezone VALUES('pa','America/Panama','true');
INSERT INTO timezone VALUES('pe','America/Lima','true');
INSERT INTO timezone VALUES('pm','America/Miquelon','true');
INSERT INTO timezone VALUES('pr','America/Puerto_Rico','true');
INSERT INTO timezone VALUES('py','America/Asuncion','true');
INSERT INTO timezone VALUES('sr','America/Paramaribo','true');
INSERT INTO timezone VALUES('sv','America/El_Salvador','true');
INSERT INTO timezone VALUES('tc','America/Grand_Turk','true');
INSERT INTO timezone VALUES('tt','America/Port_of_Spain','true');
INSERT INTO timezone VALUES('us','America/Adak','false');
INSERT INTO timezone VALUES('us','America/Anchorage','false');
INSERT INTO timezone VALUES('us','America/Boise','false');
INSERT INTO timezone VALUES('us','America/Chicago','false');
INSERT INTO timezone VALUES('us','America/Denver','false');
INSERT INTO timezone VALUES('us','America/Detroit','false');
INSERT INTO timezone VALUES('us','America/Indiana/Knox','false');
INSERT INTO timezone VALUES('us','America/Indiana/Marengo','false');
INSERT INTO timezone VALUES('us','America/Indiana/Vevay','false');
INSERT INTO timezone VALUES('us','America/Indianapolis','false');
INSERT INTO timezone VALUES('us','America/Juneau','false');
INSERT INTO timezone VALUES('us','America/Kentucky/Monticello','false');
INSERT INTO timezone VALUES('us','America/Los_Angeles','false');
INSERT INTO timezone VALUES('us','America/Louisville','false');
INSERT INTO timezone VALUES('us','America/Menominee','false');
INSERT INTO timezone VALUES('us','America/New_York','true');
INSERT INTO timezone VALUES('us','America/Nome','false');
INSERT INTO timezone VALUES('us','America/North_Dakota/Center','false');
INSERT INTO timezone VALUES('us','America/Phoenix','false');
INSERT INTO timezone VALUES('us','America/Shiprock','false');
INSERT INTO timezone VALUES('us','America/Yakutat','false');
INSERT INTO timezone VALUES('uy','America/Montevideo','true');
INSERT INTO timezone VALUES('vc','America/St_Vincent','true');
INSERT INTO timezone VALUES('ve','America/Caracas','true');
INSERT INTO timezone VALUES('vg','America/Tortola','true');
INSERT INTO timezone VALUES('vi','America/St_Thomas','true');
INSERT INTO timezone VALUES('ae','Asia/Dubai','true');
INSERT INTO timezone VALUES('af','Asia/Kabul','true');
INSERT INTO timezone VALUES('am','Asia/Yerevan','true');
INSERT INTO timezone VALUES('az','Asia/Baku','true');
INSERT INTO timezone VALUES('bd','Asia/Dhaka','true');
INSERT INTO timezone VALUES('bh','Asia/Bahrain','true');
INSERT INTO timezone VALUES('bn','Asia/Brunei','true');
INSERT INTO timezone VALUES('bt','Asia/Thimphu','true');
INSERT INTO timezone VALUES('cn','Asia/Chongqing','false');
INSERT INTO timezone VALUES('cn','Asia/Harbin','false');
INSERT INTO timezone VALUES('cn','Asia/Kashgar','false');
INSERT INTO timezone VALUES('cn','Asia/Shanghai','true');
INSERT INTO timezone VALUES('cn','Asia/Urumqi','false');
INSERT INTO timezone VALUES('cy','Asia/Nicosia','true');
INSERT INTO timezone VALUES('ge','Asia/Tbilisi','true');
INSERT INTO timezone VALUES('hk','Asia/Hong_Kong','true');
INSERT INTO timezone VALUES('id','Asia/Jakarta','true');
INSERT INTO timezone VALUES('id','Asia/Jayapura','false');
INSERT INTO timezone VALUES('id','Asia/Makassar','false');
INSERT INTO timezone VALUES('id','Asia/Pontianak','false');
INSERT INTO timezone VALUES('il','Asia/Jerusalem','true');
INSERT INTO timezone VALUES('in','Asia/Calcutta','true');
INSERT INTO timezone VALUES('iq','Asia/Baghdad','true');
INSERT INTO timezone VALUES('ir','Asia/Tehran','true');
INSERT INTO timezone VALUES('jo','Asia/Amman','true');
INSERT INTO timezone VALUES('jp','Asia/Tokyo','true');
INSERT INTO timezone VALUES('kg','Asia/Bishkek','true');
INSERT INTO timezone VALUES('kh','Asia/Phnom_Penh','true');
INSERT INTO timezone VALUES('kp','Asia/Pyongyang','true');
INSERT INTO timezone VALUES('kr','Asia/Seoul','true');
INSERT INTO timezone VALUES('kw','Asia/Kuwait','true');
INSERT INTO timezone VALUES('kz','Asia/Almaty','true');
INSERT INTO timezone VALUES('kz','Asia/Aqtau','false');
INSERT INTO timezone VALUES('kz','Asia/Aqtobe','false');
INSERT INTO timezone VALUES('kz','Asia/Oral','false');
INSERT INTO timezone VALUES('kz','Asia/Qyzylorda','false');
INSERT INTO timezone VALUES('la','Asia/Vientiane','true');
INSERT INTO timezone VALUES('lb','Asia/Beirut','true');
INSERT INTO timezone VALUES('lk','Asia/Colombo','true');
INSERT INTO timezone VALUES('mm','Asia/Rangoon','true');
INSERT INTO timezone VALUES('mn','Asia/Choibalsan','false');
INSERT INTO timezone VALUES('mn','Asia/Hovd','false');
INSERT INTO timezone VALUES('mo','Asia/Macau','true');
INSERT INTO timezone VALUES('my','Asia/Kuala_Lumpur','true');
INSERT INTO timezone VALUES('my','Asia/Kuching','false');
INSERT INTO timezone VALUES('np','Asia/Katmandu','true');
INSERT INTO timezone VALUES('om','Asia/Muscat','true');
INSERT INTO timezone VALUES('ph','Asia/Manila','true');
INSERT INTO timezone VALUES('pk','Asia/Karachi','true');
INSERT INTO timezone VALUES('ps','Asia/Gaza','true');
INSERT INTO timezone VALUES('qa','Asia/Qatar','true');
INSERT INTO timezone VALUES('ru','Asia/Anadyr','false');
INSERT INTO timezone VALUES('ru','Asia/Irkutsk','false');
INSERT INTO timezone VALUES('ru','Asia/Kamchatka','false');
INSERT INTO timezone VALUES('ru','Asia/Krasnoyarsk','false');
INSERT INTO timezone VALUES('ru','Asia/Magadan','false');
INSERT INTO timezone VALUES('ru','Asia/Novosibirsk','false');
INSERT INTO timezone VALUES('ru','Asia/Omsk','false');
INSERT INTO timezone VALUES('ru','Asia/Sakhalin','false');
INSERT INTO timezone VALUES('ru','Asia/Vladivostok','false');
INSERT INTO timezone VALUES('ru','Asia/Yakutsk','false');
INSERT INTO timezone VALUES('ru','Asia/Yekaterinburg','false');
INSERT INTO timezone VALUES('ru','Europe/Kaliningrad','false');
INSERT INTO timezone VALUES('ru','Europe/Moscow','false');
INSERT INTO timezone VALUES('ru','Europe/Samara','false');
INSERT INTO timezone VALUES('sa','Asia/Riyadh','true');
INSERT INTO timezone VALUES('sg','Asia/Singapore','true');
INSERT INTO timezone VALUES('sy','Asia/Damascus','true');
INSERT INTO timezone VALUES('th','Asia/Bangkok','true');
INSERT INTO timezone VALUES('tj','Asia/Dushanbe','true');
INSERT INTO timezone VALUES('tl','Asia/Dili','true');
INSERT INTO timezone VALUES('tm','Asia/Ashgabat','true');
INSERT INTO timezone VALUES('tw','Asia/Taipei','true');
INSERT INTO timezone VALUES('uz','Asia/Samarkand','true');
INSERT INTO timezone VALUES('uz','Asia/Tashkent','false');
INSERT INTO timezone VALUES('vn','Asia/Saigon','true');
INSERT INTO timezone VALUES('ye','Asia/Aden','true');
INSERT INTO timezone VALUES('bm','Atlantic/Bermuda','true');
INSERT INTO timezone VALUES('cv','Atlantic/Cape_Verde','true');
INSERT INTO timezone VALUES('es','Atlantic/Canary','true');
INSERT INTO timezone VALUES('fk','Atlantic/Stanley','true');
INSERT INTO timezone VALUES('fo','Atlantic/Faeroe','true');
INSERT INTO timezone VALUES('gs','Atlantic/South_Georgia','true');
INSERT INTO timezone VALUES('is','Atlantic/Reykjavik','true');
INSERT INTO timezone VALUES('sh','Atlantic/St_Helena','true');
INSERT INTO timezone VALUES('sj','Atlantic/Jan_Mayen','true');
INSERT INTO timezone VALUES('pt','Atlantic/Madeira','false');
INSERT INTO timezone VALUES('pt','Atlantic/Azores','false');
INSERT INTO timezone VALUES('as','Pacific/Pago_Pago','true');
INSERT INTO timezone VALUES('ck','Pacific/Rarotonga','true');
INSERT INTO timezone VALUES('cl','Pacific/Easter','true');
INSERT INTO timezone VALUES('ec','Pacific/Galapagos','true');
INSERT INTO timezone VALUES('fj','Pacific/Fiji','true');
INSERT INTO timezone VALUES('fm','Pacific/Yap','true');
INSERT INTO timezone VALUES('gu','Pacific/Guam','true');
INSERT INTO timezone VALUES('ki','Pacific/Tarawa','true');
INSERT INTO timezone VALUES('mh','Pacific/Majuro','true');
INSERT INTO timezone VALUES('mp','Pacific/Saipan','true');
INSERT INTO timezone VALUES('nc','Pacific/Noumea','true');
INSERT INTO timezone VALUES('nf','Pacific/Norfolk','true');
INSERT INTO timezone VALUES('nr','Pacific/Nauru','true');
INSERT INTO timezone VALUES('nu','Pacific/Niue','true');
INSERT INTO timezone VALUES('nz','Pacific/Auckland','true');
INSERT INTO timezone VALUES('pf','Pacific/Tahiti','true');
INSERT INTO timezone VALUES('pg','Pacific/Port_Moresby','true');
INSERT INTO timezone VALUES('pn','Pacific/Pitcairn','true');
INSERT INTO timezone VALUES('pw','Pacific/Palau','true');
INSERT INTO timezone VALUES('sb','Pacific/Guadalcanal','true');
INSERT INTO timezone VALUES('sj','Arctic/Longyearbyen','true');
INSERT INTO timezone VALUES('tk','Pacific/Fakaofo','true');
INSERT INTO timezone VALUES('to','Pacific/Tongatapu','true');
INSERT INTO timezone VALUES('tv','Pacific/Funafuti','true');
INSERT INTO timezone VALUES('us','Pacific/Honolulu','false');
INSERT INTO timezone VALUES('vu','Pacific/Efate','true');
INSERT INTO timezone VALUES('wf','Pacific/Wallis','true');
INSERT INTO timezone VALUES('ws','Pacific/Apia','true');
INSERT INTO timezone VALUES('cc','Indian/Cocos','true');
INSERT INTO timezone VALUES('cx','Indian/Christmas','true');
INSERT INTO timezone VALUES('io','Indian/Chagos','true');
INSERT INTO timezone VALUES('km','Indian/Comoro','true');
INSERT INTO timezone VALUES('mg','Indian/Antananarivo','true');
INSERT INTO timezone VALUES('mu','Indian/Mauritius','true');
INSERT INTO timezone VALUES('mv','Indian/Maldives','true');
INSERT INTO timezone VALUES('sc','Indian/Mahe','true');
INSERT INTO timezone VALUES('yt','Indian/Mayotte','true');
INSERT INTO timezone VALUES('ad','Europe/Andorra','true');
INSERT INTO timezone VALUES('al','Europe/Tirane','true');
INSERT INTO timezone VALUES('at','Europe/Vienna','true');
INSERT INTO timezone VALUES('ba','Europe/Sarajevo','true');
INSERT INTO timezone VALUES('be','Europe/Brussels','true');
INSERT INTO timezone VALUES('bg','Europe/Sofia','true');
INSERT INTO timezone VALUES('by','Europe/Minsk','true');
INSERT INTO timezone VALUES('ch','Europe/Zurich','true');
INSERT INTO timezone VALUES('cz','Europe/Prague','true');
INSERT INTO timezone VALUES('de','Europe/Berlin','true');
INSERT INTO timezone VALUES('dk','Europe/Copenhagen','true');
INSERT INTO timezone VALUES('ee','Europe/Tallinn','true');
INSERT INTO timezone VALUES('es','Europe/Madrid','true');
INSERT INTO timezone VALUES('fi','Europe/Helsinki','true');
INSERT INTO timezone VALUES('fr','Europe/Paris','true');
INSERT INTO timezone VALUES('gb','Europe/London','true');
INSERT INTO timezone VALUES('im','Europe/London','true');
INSERT INTO timezone VALUES('gb','Europe/Belfast','false');
INSERT INTO timezone VALUES('gi','Europe/Gibraltar','true');
INSERT INTO timezone VALUES('gr','Europe/Athens','true');
INSERT INTO timezone VALUES('hr','Europe/Zagreb','true');
INSERT INTO timezone VALUES('hu','Europe/Budapest','true');
INSERT INTO timezone VALUES('ie','Europe/Dublin','true');
INSERT INTO timezone VALUES('it','Europe/Rome','true');
INSERT INTO timezone VALUES('li','Europe/Vaduz','true');
INSERT INTO timezone VALUES('lt','Europe/Vilnius','true');
INSERT INTO timezone VALUES('lu','Europe/Luxembourg','true');
INSERT INTO timezone VALUES('lv','Europe/Riga','true');
INSERT INTO timezone VALUES('mc','Europe/Monaco','true');
INSERT INTO timezone VALUES('md','Europe/Chisinau','true');
INSERT INTO timezone VALUES('mk','Europe/Skopje','true');
INSERT INTO timezone VALUES('mt','Europe/Malta','true');
INSERT INTO timezone VALUES('nl','Europe/Amsterdam','true');
INSERT INTO timezone VALUES('no','Europe/Oslo','true');
INSERT INTO timezone VALUES('pl','Europe/Warsaw','true');
INSERT INTO timezone VALUES('pt','Europe/Lisbon','true');
INSERT INTO timezone VALUES('ro','Europe/Bucharest','true');
INSERT INTO timezone VALUES('se','Europe/Stockholm','true');
INSERT INTO timezone VALUES('si','Europe/Ljubljana','true');
INSERT INTO timezone VALUES('sk','Europe/Bratislava','true');
INSERT INTO timezone VALUES('sm','Europe/San_Marino','true');
INSERT INTO timezone VALUES('tr','Europe/Istanbul','true');
INSERT INTO timezone VALUES('ua','Europe/Kiev','true');
INSERT INTO timezone VALUES('ua','Europe/Uzhgorod','false');
INSERT INTO timezone VALUES('ua','Europe/Zaporozhye','false');
INSERT INTO timezone VALUES('ua','Europe/Simferopol','false');
INSERT INTO timezone VALUES('va','Europe/Vatican','true');
INSERT INTO timezone VALUES('yu','Europe/Belgrade','true');
INSERT INTO timezone VALUES('au','Australia/Lord_Howe','false');
INSERT INTO timezone VALUES('au','Australia/Hobart','false');
INSERT INTO timezone VALUES('au','Australia/Melbourne','false');
INSERT INTO timezone VALUES('au','Australia/Sydney','true');
INSERT INTO timezone VALUES('au','Australia/Broken_Hill','false');
INSERT INTO timezone VALUES('au','Australia/Brisbane','false');
INSERT INTO timezone VALUES('au','Australia/Lindeman','false');
INSERT INTO timezone VALUES('au','Australia/Adelaide','false');
INSERT INTO timezone VALUES('au','Australia/Darwin','false');
INSERT INTO timezone VALUES('au','Australia/Perth','false');
INSERT INTO timezone VALUES('ao','Africa/Luanda','true');
INSERT INTO timezone VALUES('bf','Africa/Ouagadougou','true');
INSERT INTO timezone VALUES('bi','Africa/Bujumbura','true');
INSERT INTO timezone VALUES('bj','Africa/Porto-Novo','true');
INSERT INTO timezone VALUES('bw','Africa/Gaborone','true');
INSERT INTO timezone VALUES('cd','Africa/Kinshasa','true');
INSERT INTO timezone VALUES('cd','Africa/Lubumbashi','false');
INSERT INTO timezone VALUES('cf','Africa/Bangui','true');
INSERT INTO timezone VALUES('cg','Africa/Brazzaville','true');
INSERT INTO timezone VALUES('ci','Africa/Abidjan','true');
INSERT INTO timezone VALUES('cm','Africa/Douala','true');
INSERT INTO timezone VALUES('dj','Africa/Djibouti','true');
INSERT INTO timezone VALUES('dz','Africa/Algiers','true');
INSERT INTO timezone VALUES('eg','Africa/Cairo','true');
INSERT INTO timezone VALUES('eh','Africa/El_Aaiun','true');
INSERT INTO timezone VALUES('er','Africa/Asmera','true');
INSERT INTO timezone VALUES('et','Africa/Addis_Ababa','true');
INSERT INTO timezone VALUES('ga','Africa/Libreville','true');
INSERT INTO timezone VALUES('gh','Africa/Accra','true');
INSERT INTO timezone VALUES('gm','Africa/Banjul','true');
INSERT INTO timezone VALUES('gn','Africa/Conakry','true');
INSERT INTO timezone VALUES('gq','Africa/Malabo','true');
INSERT INTO timezone VALUES('gw','Africa/Bissau','true');
INSERT INTO timezone VALUES('ke','Africa/Nairobi','true');
INSERT INTO timezone VALUES('lr','Africa/Monrovia','true');
INSERT INTO timezone VALUES('ls','Africa/Maseru','true');
INSERT INTO timezone VALUES('ly','Africa/Tripoli','true');
INSERT INTO timezone VALUES('ma','Africa/Casablanca','true');
INSERT INTO timezone VALUES('ml','Africa/Bamako','false');
INSERT INTO timezone VALUES('ml','Africa/Timbuktu','true');
INSERT INTO timezone VALUES('mr','Africa/Nouakchott','true');
INSERT INTO timezone VALUES('mw','Africa/Blantyre','true');
INSERT INTO timezone VALUES('mz','Africa/Maputo','true');
INSERT INTO timezone VALUES('na','Africa/Windhoek','true');
INSERT INTO timezone VALUES('ne','Africa/Niamey','true');
INSERT INTO timezone VALUES('ng','Africa/Lagos','true');
INSERT INTO timezone VALUES('rw','Africa/Kigali','true');
INSERT INTO timezone VALUES('sd','Africa/Khartoum','true');
INSERT INTO timezone VALUES('sl','Africa/Freetown','true');
INSERT INTO timezone VALUES('sn','Africa/Dakar','true');
INSERT INTO timezone VALUES('so','Africa/Mogadishu','true');
INSERT INTO timezone VALUES('st','Africa/Sao_Tome','true');
INSERT INTO timezone VALUES('sz','Africa/Mbabane','true');
INSERT INTO timezone VALUES('td','Africa/Ndjamena','true');
INSERT INTO timezone VALUES('tg','Africa/Lome','true');
INSERT INTO timezone VALUES('tn','Africa/Tunis','true');
INSERT INTO timezone VALUES('tz','Africa/Dar_es_Salaam','true');
INSERT INTO timezone VALUES('ug','Africa/Kampala','true');
INSERT INTO timezone VALUES('za','Africa/Johannesburg','true');
INSERT INTO timezone VALUES('zm','Africa/Lusaka','true');
INSERT INTO timezone VALUES('zw','Africa/Harare','true');
INSERT INTO timezone VALUES('gl','America/Godthab','true');
INSERT INTO timezone VALUES('mn','Asia/Ulaanbaatar','true');
INSERT INTO timezone VALUES('um','Pacific/Johnston','false');
INSERT INTO timezone VALUES('um','Pacific/Midway','true');
INSERT INTO timezone VALUES('um','Pacific/Wake','false');
COMMIT;
