0,x1_coord,x2_coord,y_coord
1,-50.0,-50.0,23054.0
2,-48.0,-50.0,20202.0
3,-46.0,-50.0,21528.0
4,-44.0,-50.0,18062.0
5,-42.0,-50.0,16720.0
6,-40.0,-50.0,15780.0
7,-38.0,-50.0,16829.0
8,-36.0,-50.0,15031.0
9,-34.0,-50.0,12246.0
10,-32.0,-50.0,10119.0
11,-30.0,-50.0,9977.0
12,-28.0,-50.0,8399.0
13,-26.0,-50.0,8808.0
14,-24.0,-50.0,10052.0
15,-22.0,-50.0,8320.0
16,-20.0,-50.0,7982.0
17,-18.0,-50.0,5899.0
18,-16.0,-50.0,5407.0
19,-14.0,-50.0,6424.0
20,-12.0,-50.0,3910.0
21,-10.0,-50.0,3996.0
22,-8.0,-50.0,3396.0
23,-6.0,-50.0,2784.0
24,-4.0,-50.0,2749.0
25,-2.0,-50.0,4578.0
26,0.0,-50.0,4902.0
27,2.0,-50.0,2427.0
28,4.0,-50.0,2351.0
29,6.0,-50.0,5011.0
30,8.0,-50.0,5111.0
31,10.0,-50.0,3874.0
32,12.0,-50.0,4484.0
33,14.0,-50.0,6926.0
34,16.0,-50.0,7364.0
35,18.0,-50.0,7301.0
36,20.0,-50.0,7055.0
37,22.0,-50.0,9407.0
38,24.0,-50.0,7416.0
39,26.0,-50.0,8949.0
40,28.0,-50.0,8274.0
41,30.0,-50.0,12838.0
42,32.0,-50.0,11820.0
43,34.0,-50.0,13885.0
44,36.0,-50.0,12206.0
45,38.0,-50.0,13847.0
46,40.0,-50.0,16299.0
47,42.0,-50.0,16847.0
48,44.0,-50.0,18429.0
49,46.0,-50.0,19698.0
50,48.0,-50.0,20936.0
51,-50.0,-48.0,24266.8
52,-48.0,-48.0,22964.8
53,-46.0,-48.0,22144.8
54,-44.0,-48.0,20062.8
55,-42.0,-48.0,16343.8
56,-40.0,-48.0,17688.8
57,-38.0,-48.0,15554.8
58,-36.0,-48.0,14573.8
59,-34.0,-48.0,13773.8
60,-32.0,-48.0,10961.8
61,-30.0,-48.0,9702.8
62,-28.0,-48.0,8615.8
63,-26.0,-48.0,9164.8
64,-24.0,-48.0,9543.8
65,-22.0,-48.0,6521.8
66,-20.0,-48.0,7572.8
67,-18.0,-48.0,6560.8
68,-16.0,-48.0,7450.8
69,-14.0,-48.0,4046.8
70,-12.0,-48.0,4360.8
71,-10.0,-48.0,4657.8
72,-8.0,-48.0,2189.8
73,-6.0,-48.0,5446.8
74,-4.0,-48.0,1783.8
75,-2.0,-48.0,4631.8
76,0.0,-48.0,4918.8
77,2.0,-48.0,4234.8
78,4.0,-48.0,2370.8
79,6.0,-48.0,1940.8
80,8.0,-48.0,5215.8
81,10.0,-48.0,3284.8
82,12.0,-48.0,4188.8
83,14.0,-48.0,4809.8
84,16.0,-48.0,5128.8
85,18.0,-48.0,6735.8
86,20.0,-48.0,7216.8
87,22.0,-48.0,8326.8
88,24.0,-48.0,8502.8
89,26.0,-48.0,11000.8
90,28.0,-48.0,8255.8
91,30.0,-48.0,9794.8
92,32.0,-48.0,12607.8
93,34.0,-48.0,14685.8
94,36.0,-48.0,15289.8
95,38.0,-48.0,16128.8
96,40.0,-48.0,16425.8
97,42.0,-48.0,17585.8
98,44.0,-48.0,17414.8
99,46.0,-48.0,20768.8
100,48.0,-48.0,21032.8
101,-50.0,-46.0,25043.2
102,-48.0,-46.0,22185.2
103,-46.0,-46.0,20798.2
104,-44.0,-46.0,20789.2
105,-42.0,-46.0,17996.2
106,-40.0,-46.0,15431.2
107,-38.0,-46.0,13515.2
108,-36.0,-46.0,14507.2
109,-34.0,-46.0,11322.2
110,-32.0,-46.0,11312.2
111,-30.0,-46.0,12452.2
112,-28.0,-46.0,8821.2
113,-26.0,-46.0,9546.2
114,-24.0,-46.0,7148.2
115,-22.0,-46.0,7017.2
116,-20.0,-46.0,5402.2
117,-18.0,-46.0,7603.2
118,-16.0,-46.0,5398.2
119,-14.0,-46.0,7032.2
120,-12.0,-46.0,3185.2
121,-10.0,-46.0,4196.2
122,-8.0,-46.0,3018.2
123,-6.0,-46.0,2044.2
124,-4.0,-46.0,3123.2
125,-2.0,-46.0,4596.2
126,0.0,-46.0,4751.2
127,2.0,-46.0,2954.2
128,4.0,-46.0,3585.2
129,6.0,-46.0,2075.2
130,8.0,-46.0,4727.2
131,10.0,-46.0,3268.2
132,12.0,-46.0,3575.2
133,14.0,-46.0,5676.2
134,16.0,-46.0,6457.2
135,18.0,-46.0,5800.2
136,20.0,-46.0,7867.2
137,22.0,-46.0,8126.2
138,24.0,-46.0,6988.2
139,26.0,-46.0,10671.2
140,28.0,-46.0,8547.2
141,30.0,-46.0,10587.2
142,32.0,-46.0,12713.2
143,34.0,-46.0,14116.2
144,36.0,-46.0,14823.2
145,38.0,-46.0,16608.2
146,40.0,-46.0,17174.2
147,42.0,-46.0,19416.2
148,44.0,-46.0,17930.2
149,46.0,-46.0,19952.2
150,48.0,-46.0,23295.2
151,-50.0,-44.0,24192.2
152,-48.0,-44.0,21594.2
153,-46.0,-44.0,18407.2
154,-44.0,-44.0,18855.2
155,-42.0,-44.0,17956.2
156,-40.0,-44.0,16654.2
157,-38.0,-44.0,13547.2
158,-36.0,-44.0,14474.2
159,-34.0,-44.0,10950.2
160,-32.0,-44.0,11278.2
161,-30.0,-44.0,11057.2
162,-28.0,-44.0,10134.2
163,-26.0,-44.0,8956.2
164,-24.0,-44.0,7936.2
165,-22.0,-44.0,8602.2
166,-20.0,-44.0,6345.2
167,-18.0,-44.0,6276.2
168,-16.0,-44.0,4713.2
169,-14.0,-44.0,5398.2
170,-12.0,-44.0,4718.2
171,-10.0,-44.0,4432.2
172,-8.0,-44.0,3368.2
173,-6.0,-44.0,2953.2
174,-4.0,-44.0,1486.2
175,-2.0,-44.0,3594.2
176,0.0,-44.0,3519.2
177,2.0,-44.0,5364.2
178,4.0,-44.0,2635.2
179,6.0,-44.0,5068.2
180,8.0,-44.0,2741.2
181,10.0,-44.0,3194.2
182,12.0,-44.0,4601.2
183,14.0,-44.0,3665.2
184,16.0,-44.0,4959.2
185,18.0,-44.0,7263.2
186,20.0,-44.0,7562.2
187,22.0,-44.0,6583.2
188,24.0,-44.0,9949.2
189,26.0,-44.0,10760.2
190,28.0,-44.0,10053.2
191,30.0,-44.0,9358.2
192,32.0,-44.0,13309.2
193,34.0,-44.0,14210.2
194,36.0,-44.0,13529.2
195,38.0,-44.0,16242.2
196,40.0,-44.0,16271.2
197,42.0,-44.0,18839.2
198,44.0,-44.0,18314.2
199,46.0,-44.0,21288.2
200,48.0,-44.0,19944.2
201,-50.0,-42.0,23968.8
202,-48.0,-42.0,22251.8
203,-46.0,-42.0,22105.8
204,-44.0,-42.0,18587.8
205,-42.0,-42.0,16646.8
206,-40.0,-42.0,14794.8
207,-38.0,-42.0,14888.8
208,-36.0,-42.0,13457.8
209,-34.0,-42.0,12508.8
210,-32.0,-42.0,9957.8
211,-30.0,-42.0,8833.8
212,-28.0,-42.0,9695.8
213,-26.0,-42.0,10388.8
214,-24.0,-42.0,9295.8
215,-22.0,-42.0,7786.8
216,-20.0,-42.0,4717.8
217,-18.0,-42.0,4131.8
218,-16.0,-42.0,6704.8
219,-14.0,-42.0,5514.8
220,-12.0,-42.0,2457.8
221,-10.0,-42.0,4866.8
222,-8.0,-42.0,4928.8
223,-6.0,-42.0,3503.8
224,-4.0,-42.0,2330.8
225,-2.0,-42.0,2148.8
226,0.0,-42.0,3720.8
227,2.0,-42.0,2318.8
228,4.0,-42.0,1848.8
229,6.0,-42.0,4989.8
230,8.0,-42.0,3243.8
231,10.0,-42.0,4090.8
232,12.0,-42.0,3365.8
233,14.0,-42.0,3481.8
234,16.0,-42.0,5995.8
235,18.0,-42.0,5123.8
236,20.0,-42.0,5399.8
237,22.0,-42.0,8789.8
238,24.0,-42.0,7276.8
239,26.0,-42.0,8697.8
240,28.0,-42.0,10223.8
241,30.0,-42.0,9490.8
242,32.0,-42.0,12800.8
243,34.0,-42.0,12368.8
244,36.0,-42.0,14842.8
245,38.0,-42.0,15045.8
246,40.0,-42.0,15134.8
247,42.0,-42.0,18804.8
248,44.0,-42.0,20388.8
249,46.0,-42.0,21597.8
250,48.0,-42.0,19710.8
251,-50.0,-40.0,24890.0
252,-48.0,-40.0,23028.0
253,-46.0,-40.0,18794.0
254,-44.0,-40.0,16988.0
255,-42.0,-40.0,16162.0
256,-40.0,-40.0,14436.0
257,-38.0,-40.0,15991.0
258,-36.0,-40.0,12207.0
259,-34.0,-40.0,11859.0
260,-32.0,-40.0,13069.0
261,-30.0,-40.0,11373.0
262,-28.0,-40.0,11163.0
263,-26.0,-40.0,7427.0
264,-24.0,-40.0,8931.0
265,-22.0,-40.0,6760.0
266,-20.0,-40.0,7951.0
267,-18.0,-40.0,4919.0
268,-16.0,-40.0,5414.0
269,-14.0,-40.0,5037.0
270,-12.0,-40.0,3756.0
271,-10.0,-40.0,5555.0
272,-8.0,-40.0,1866.0
273,-6.0,-40.0,2967.0
274,-4.0,-40.0,2729.0
275,-2.0,-40.0,4653.0
276,0.0,-40.0,1979.0
277,2.0,-40.0,1748.0
278,4.0,-40.0,5066.0
279,6.0,-40.0,5382.0
280,8.0,-40.0,2172.0
281,10.0,-40.0,3878.0
282,12.0,-40.0,5264.0
283,14.0,-40.0,4384.0
284,16.0,-40.0,5363.0
285,18.0,-40.0,3720.0
286,20.0,-40.0,7906.0
287,22.0,-40.0,8672.0
288,24.0,-40.0,9404.0
289,26.0,-40.0,9301.0
290,28.0,-40.0,10722.0
291,30.0,-40.0,9053.0
292,32.0,-40.0,11607.0
293,34.0,-40.0,14226.0
294,36.0,-40.0,14347.0
295,38.0,-40.0,14241.0
296,40.0,-40.0,14522.0
297,42.0,-40.0,15938.0
298,44.0,-40.0,19838.0
299,46.0,-40.0,21501.0
300,48.0,-40.0,22125.0
301,-50.0,-38.0,24275.8
302,-48.0,-38.0,23285.8
303,-46.0,-38.0,20932.8
304,-44.0,-38.0,20134.8
305,-42.0,-38.0,16396.8
306,-40.0,-38.0,16048.8
307,-38.0,-38.0,13322.8
308,-36.0,-38.0,13102.8
309,-34.0,-38.0,11388.8
310,-32.0,-38.0,12324.8
311,-30.0,-38.0,11682.8
312,-28.0,-38.0,8294.8
313,-26.0,-38.0,8588.8
314,-24.0,-38.0,6751.8
315,-22.0,-38.0,7939.8
316,-20.0,-38.0,7121.8
317,-18.0,-38.0,7190.8
318,-16.0,-38.0,6820.8
319,-14.0,-38.0,2650.8
320,-12.0,-38.0,2613.8
321,-10.0,-38.0,4829.8
322,-8.0,-38.0,2740.8
323,-6.0,-38.0,4089.8
324,-4.0,-38.0,4008.8
325,-2.0,-38.0,2405.8
326,0.0,-38.0,1285.8
327,2.0,-38.0,2430.8
328,4.0,-38.0,4768.8
329,6.0,-38.0,4587.8
330,8.0,-38.0,2878.8
331,10.0,-38.0,4175.8
332,12.0,-38.0,4578.8
333,14.0,-38.0,4266.8
334,16.0,-38.0,5454.8
335,18.0,-38.0,5873.8
336,20.0,-38.0,6137.8
337,22.0,-38.0,6687.8
338,24.0,-38.0,9248.8
339,26.0,-38.0,9530.8
340,28.0,-38.0,10110.8
341,30.0,-38.0,10553.8
342,32.0,-38.0,12988.8
343,34.0,-38.0,12953.8
344,36.0,-38.0,13746.8
345,38.0,-38.0,14625.8
346,40.0,-38.0,16752.8
347,42.0,-38.0,15702.8
348,44.0,-38.0,19709.8
349,46.0,-38.0,19255.8
350,48.0,-38.0,21569.8
351,-50.0,-36.0,24009.2
352,-48.0,-36.0,22714.2
353,-46.0,-36.0,20616.2
354,-44.0,-36.0,17680.2
355,-42.0,-36.0,16383.2
356,-40.0,-36.0,14673.2
357,-38.0,-36.0,14974.2
358,-36.0,-36.0,12356.2
359,-34.0,-36.0,12031.2
360,-32.0,-36.0,12801.2
361,-30.0,-36.0,11060.2
362,-28.0,-36.0,10348.2
363,-26.0,-36.0,8681.2
364,-24.0,-36.0,8273.2
365,-22.0,-36.0,8758.2
366,-20.0,-36.0,6490.2
367,-18.0,-36.0,4308.2
368,-16.0,-36.0,6579.2
369,-14.0,-36.0,4271.2
370,-12.0,-36.0,2691.2
371,-10.0,-36.0,5123.2
372,-8.0,-36.0,2987.2
373,-6.0,-36.0,3172.2
374,-4.0,-36.0,2898.2
375,-2.0,-36.0,2833.2
376,0.0,-36.0,4655.2
377,2.0,-36.0,3298.2
378,4.0,-36.0,3600.2
379,6.0,-36.0,3830.2
380,8.0,-36.0,4896.2
381,10.0,-36.0,1926.2
382,12.0,-36.0,2421.2
383,14.0,-36.0,4173.2
384,16.0,-36.0,4206.2
385,18.0,-36.0,4906.2
386,20.0,-36.0,7419.2
387,22.0,-36.0,5119.2
388,24.0,-36.0,6320.2
389,26.0,-36.0,7903.2
390,28.0,-36.0,10068.2
391,30.0,-36.0,8804.2
392,32.0,-36.0,9973.2
393,34.0,-36.0,10914.2
394,36.0,-36.0,13965.2
395,38.0,-36.0,14628.2
396,40.0,-36.0,14988.2
397,42.0,-36.0,18814.2
398,44.0,-36.0,18757.2
399,46.0,-36.0,20751.2
400,48.0,-36.0,21043.2
401,-50.0,-34.0,22553.2
402,-48.0,-34.0,21056.2
403,-46.0,-34.0,21371.2
404,-44.0,-34.0,17110.2
405,-42.0,-34.0,16254.2
406,-40.0,-34.0,14983.2
407,-38.0,-34.0,15796.2
408,-36.0,-34.0,14250.2
409,-34.0,-34.0,12151.2
410,-32.0,-34.0,11150.2
411,-30.0,-34.0,10241.2
412,-28.0,-34.0,10128.2
413,-26.0,-34.0,9137.2
414,-24.0,-34.0,5491.2
415,-22.0,-34.0,6710.2
416,-20.0,-34.0,4552.2
417,-18.0,-34.0,4746.2
418,-16.0,-34.0,4087.2
419,-14.0,-34.0,4388.2
420,-12.0,-34.0,5209.2
421,-10.0,-34.0,4177.2
422,-8.0,-34.0,2965.2
423,-6.0,-34.0,4091.2
424,-4.0,-34.0,2899.2
425,-2.0,-34.0,3574.2
426,0.0,-34.0,1522.2
427,2.0,-34.0,3808.2
428,4.0,-34.0,4498.2
429,6.0,-34.0,1649.2
430,8.0,-34.0,2792.2
431,10.0,-34.0,2400.2
432,12.0,-34.0,5208.2
433,14.0,-34.0,3267.2
434,16.0,-34.0,3258.2
435,18.0,-34.0,4690.2
436,20.0,-34.0,7742.2
437,22.0,-34.0,5365.2
438,24.0,-34.0,7373.2
439,26.0,-34.0,7666.2
440,28.0,-34.0,7398.2
441,30.0,-34.0,9219.2
442,32.0,-34.0,11553.2
443,34.0,-34.0,11117.2
444,36.0,-34.0,12764.2
445,38.0,-34.0,14052.2
446,40.0,-34.0,14431.2
447,42.0,-34.0,17214.2
448,44.0,-34.0,16595.2
449,46.0,-34.0,20805.2
450,48.0,-34.0,21037.2
451,-50.0,-32.0,21551.8
452,-48.0,-32.0,20426.8
453,-46.0,-32.0,19330.8
454,-44.0,-32.0,16205.8
455,-42.0,-32.0,15303.8
456,-40.0,-32.0,15487.8
457,-38.0,-32.0,15653.8
458,-36.0,-32.0,11287.8
459,-34.0,-32.0,10444.8
460,-32.0,-32.0,10244.8
461,-30.0,-32.0,11326.8
462,-28.0,-32.0,9007.8
463,-26.0,-32.0,7647.8
464,-24.0,-32.0,6948.8
465,-22.0,-32.0,4692.8
466,-20.0,-32.0,4701.8
467,-18.0,-32.0,3347.8
468,-16.0,-32.0,5980.8
469,-14.0,-32.0,6124.8
470,-12.0,-32.0,4510.8
471,-10.0,-32.0,3197.8
472,-8.0,-32.0,3359.8
473,-6.0,-32.0,3292.8
474,-4.0,-32.0,1010.8
475,-2.0,-32.0,4369.8
476,0.0,-32.0,4459.8
477,2.0,-32.0,1395.8
478,4.0,-32.0,2438.8
479,6.0,-32.0,3062.8
480,8.0,-32.0,3799.8
481,10.0,-32.0,5106.8
482,12.0,-32.0,3176.8
483,14.0,-32.0,6155.8
484,16.0,-32.0,3953.8
485,18.0,-32.0,5458.8
486,20.0,-32.0,5812.8
487,22.0,-32.0,5174.8
488,24.0,-32.0,5409.8
489,26.0,-32.0,7637.8
490,28.0,-32.0,9305.8
491,30.0,-32.0,9363.8
492,32.0,-32.0,10273.8
493,34.0,-32.0,13905.8
494,36.0,-32.0,13905.8
495,38.0,-32.0,13482.8
496,40.0,-32.0,13599.8
497,42.0,-32.0,17193.8
498,44.0,-32.0,19237.8
499,46.0,-32.0,21329.8
500,48.0,-32.0,20616.8
501,-50.0,-30.0,22158.0
502,-48.0,-30.0,22410.0
503,-46.0,-30.0,17701.0
504,-44.0,-30.0,19168.0
505,-42.0,-30.0,18116.0
506,-40.0,-30.0,13858.0
507,-38.0,-30.0,14654.0
508,-36.0,-30.0,12097.0
509,-34.0,-30.0,13452.0
510,-32.0,-30.0,11766.0
511,-30.0,-30.0,9050.0
512,-28.0,-30.0,9191.0
513,-26.0,-30.0,8051.0
514,-24.0,-30.0,5257.0
515,-22.0,-30.0,5327.0
516,-20.0,-30.0,5129.0
517,-18.0,-30.0,4517.0
518,-16.0,-30.0,6508.0
519,-14.0,-30.0,4751.0
520,-12.0,-30.0,2131.0
521,-10.0,-30.0,5381.0
522,-8.0,-30.0,4544.0
523,-6.0,-30.0,1836.0
524,-4.0,-30.0,3743.0
525,-2.0,-30.0,4415.0
526,0.0,-30.0,2063.0
527,2.0,-30.0,738.0
528,4.0,-30.0,3845.0
529,6.0,-30.0,2636.0
530,8.0,-30.0,3679.0
531,10.0,-30.0,4330.0
532,12.0,-30.0,3358.0
533,14.0,-30.0,3769.0
534,16.0,-30.0,5551.0
535,18.0,-30.0,4078.0
536,20.0,-30.0,6565.0
537,22.0,-30.0,5401.0
538,24.0,-30.0,8445.0
539,26.0,-30.0,8233.0
540,28.0,-30.0,9975.0
541,30.0,-30.0,11621.0
542,32.0,-30.0,10951.0
543,34.0,-30.0,10897.0
544,36.0,-30.0,13131.0
545,38.0,-30.0,13352.0
546,40.0,-30.0,14274.0
547,42.0,-30.0,16138.0
548,44.0,-30.0,18243.0
549,46.0,-30.0,21014.0
550,48.0,-30.0,22983.0
551,-50.0,-28.0,20764.8
552,-48.0,-28.0,21604.8
553,-46.0,-28.0,20753.8
554,-44.0,-28.0,17947.8
555,-42.0,-28.0,15953.8
556,-40.0,-28.0,14738.8
557,-38.0,-28.0,15499.8
558,-36.0,-28.0,14407.8
559,-34.0,-28.0,10888.8
560,-32.0,-28.0,11168.8
561,-30.0,-28.0,11158.8
562,-28.0,-28.0,8669.8
563,-26.0,-28.0,9721.8
564,-24.0,-28.0,5270.8
565,-22.0,-28.0,6567.8
566,-20.0,-28.0,6117.8
567,-18.0,-28.0,6132.8
568,-16.0,-28.0,5867.8
569,-14.0,-28.0,3459.8
570,-12.0,-28.0,4400.8
571,-10.0,-28.0,1932.8
572,-8.0,-28.0,2741.8
573,-6.0,-28.0,3702.8
574,-4.0,-28.0,3309.8
575,-2.0,-28.0,2115.8
576,0.0,-28.0,2295.8
577,2.0,-28.0,3590.8
578,4.0,-28.0,1954.8
579,6.0,-28.0,4437.8
580,8.0,-28.0,3118.8
581,10.0,-28.0,4247.8
582,12.0,-28.0,4006.8
583,14.0,-28.0,5454.8
584,16.0,-28.0,4501.8
585,18.0,-28.0,3897.8
586,20.0,-28.0,6912.8
587,22.0,-28.0,6991.8
588,24.0,-28.0,8577.8
589,26.0,-28.0,9280.8
590,28.0,-28.0,10291.8
591,30.0,-28.0,9048.8
592,32.0,-28.0,12018.8
593,34.0,-28.0,9815.8
594,36.0,-28.0,13467.8
595,38.0,-28.0,13694.8
596,40.0,-28.0,16301.8
597,42.0,-28.0,15274.8
598,44.0,-28.0,17785.8
599,46.0,-28.0,20503.8
600,48.0,-28.0,20570.8
601,-50.0,-26.0,20721.2
602,-48.0,-26.0,22660.2
603,-46.0,-26.0,17700.2
604,-44.0,-26.0,17363.2
605,-42.0,-26.0,14965.2
606,-40.0,-26.0,13509.2
607,-38.0,-26.0,14824.2
608,-36.0,-26.0,11097.2
609,-34.0,-26.0,12031.2
610,-32.0,-26.0,10247.2
611,-30.0,-26.0,8329.2
612,-28.0,-26.0,10185.2
613,-26.0,-26.0,6922.2
614,-24.0,-26.0,6288.2
615,-22.0,-26.0,6894.2
616,-20.0,-26.0,5501.2
617,-18.0,-26.0,3673.2
618,-16.0,-26.0,4220.2
619,-14.0,-26.0,2400.2
620,-12.0,-26.0,5055.2
621,-10.0,-26.0,2055.2
622,-8.0,-26.0,2191.2
623,-6.0,-26.0,3683.2
624,-4.0,-26.0,2406.2
625,-2.0,-26.0,4134.2
626,0.0,-26.0,1786.2
627,2.0,-26.0,3511.2
628,4.0,-26.0,2392.2
629,6.0,-26.0,1308.2
630,8.0,-26.0,1801.2
631,10.0,-26.0,2824.2
632,12.0,-26.0,2270.2
633,14.0,-26.0,2260.2
634,16.0,-26.0,6353.2
635,18.0,-26.0,6631.2
636,20.0,-26.0,5622.2
637,22.0,-26.0,4779.2
638,24.0,-26.0,8098.2
639,26.0,-26.0,9349.2
640,28.0,-26.0,7411.2
641,30.0,-26.0,11240.2
642,32.0,-26.0,9319.2
643,34.0,-26.0,10352.2
644,36.0,-26.0,11813.2
645,38.0,-26.0,12638.2
646,40.0,-26.0,14951.2
647,42.0,-26.0,15448.2
648,44.0,-26.0,17275.2
649,46.0,-26.0,20927.2
650,48.0,-26.0,20903.2
651,-50.0,-24.0,23072.2
652,-48.0,-24.0,19922.2
653,-46.0,-24.0,18260.2
654,-44.0,-24.0,18202.2
655,-42.0,-24.0,14884.2
656,-40.0,-24.0,15737.2
657,-38.0,-24.0,15065.2
658,-36.0,-24.0,14687.2
659,-34.0,-24.0,13511.2
660,-32.0,-24.0,9959.2
661,-30.0,-24.0,11358.2
662,-28.0,-24.0,7154.2
663,-26.0,-24.0,7948.2
664,-24.0,-24.0,5283.2
665,-22.0,-24.0,8206.2
666,-20.0,-24.0,6215.2
667,-18.0,-24.0,5296.2
668,-16.0,-24.0,3573.2
669,-14.0,-24.0,3301.2
670,-12.0,-24.0,2803.2
671,-10.0,-24.0,2352.2
672,-8.0,-24.0,4622.2
673,-6.0,-24.0,1018.2
674,-4.0,-24.0,2565.2
675,-2.0,-24.0,2344.2
676,0.0,-24.0,2257.2
677,2.0,-24.0,3127.2
678,4.0,-24.0,1891.2
679,6.0,-24.0,2435.2
680,8.0,-24.0,4117.2
681,10.0,-24.0,4105.2
682,12.0,-24.0,2052.2
683,14.0,-24.0,4080.2
684,16.0,-24.0,5488.2
685,18.0,-24.0,6441.2
686,20.0,-24.0,3678.2
687,22.0,-24.0,7365.2
688,24.0,-24.0,7296.2
689,26.0,-24.0,7490.2
690,28.0,-24.0,10455.2
691,30.0,-24.0,7954.2
692,32.0,-24.0,9640.2
693,34.0,-24.0,10964.2
694,36.0,-24.0,13084.2
695,38.0,-24.0,15804.2
696,40.0,-24.0,16733.2
697,42.0,-24.0,15418.2
698,44.0,-24.0,16596.2
699,46.0,-24.0,17605.2
700,48.0,-24.0,20273.2
701,-50.0,-22.0,20908.8
702,-48.0,-22.0,20150.8
703,-46.0,-22.0,20698.8
704,-44.0,-22.0,16796.8
705,-42.0,-22.0,14925.8
706,-40.0,-22.0,13177.8
707,-38.0,-22.0,13353.8
708,-36.0,-22.0,14190.8
709,-34.0,-22.0,12669.8
710,-32.0,-22.0,10329.8
711,-30.0,-22.0,10629.8
712,-28.0,-22.0,8313.8
713,-26.0,-22.0,6858.8
714,-24.0,-22.0,5141.8
715,-22.0,-22.0,7864.8
716,-20.0,-22.0,7353.8
717,-18.0,-22.0,6194.8
718,-16.0,-22.0,3365.8
719,-14.0,-22.0,2833.8
720,-12.0,-22.0,3328.8
721,-10.0,-22.0,3043.8
722,-8.0,-22.0,3169.8
723,-6.0,-22.0,3497.8
724,-4.0,-22.0,3434.8
725,-2.0,-22.0,1035.8
726,0.0,-22.0,1571.8
727,2.0,-22.0,1112.8
728,4.0,-22.0,1993.8
729,6.0,-22.0,3469.8
730,8.0,-22.0,1863.8
731,10.0,-22.0,4596.8
732,12.0,-22.0,1907.8
733,14.0,-22.0,3181.8
734,16.0,-22.0,6239.8
735,18.0,-22.0,3035.8
736,20.0,-22.0,3809.8
737,22.0,-22.0,4418.8
738,24.0,-22.0,8199.8
739,26.0,-22.0,9643.8
740,28.0,-22.0,6883.8
741,30.0,-22.0,9627.8
742,32.0,-22.0,10437.8
743,34.0,-22.0,9979.8
744,36.0,-22.0,10875.8
745,38.0,-22.0,13271.8
746,40.0,-22.0,16430.8
747,42.0,-22.0,16833.8
748,44.0,-22.0,16614.8
749,46.0,-22.0,17488.8
750,48.0,-22.0,20140.8
751,-50.0,-20.0,21249.0
752,-48.0,-20.0,20460.0
753,-46.0,-20.0,20713.0
754,-44.0,-20.0,16345.0
755,-42.0,-20.0,14679.0
756,-40.0,-20.0,14276.0
757,-38.0,-20.0,13628.0
758,-36.0,-20.0,13693.0
759,-34.0,-20.0,11651.0
760,-32.0,-20.0,10055.0
761,-30.0,-20.0,8835.0
762,-28.0,-20.0,8210.0
763,-26.0,-20.0,9672.0
764,-24.0,-20.0,5618.0
765,-22.0,-20.0,5741.0
766,-20.0,-20.0,4790.0
767,-18.0,-20.0,3934.0
768,-16.0,-20.0,3992.0
769,-14.0,-20.0,3402.0
770,-12.0,-20.0,2349.0
771,-10.0,-20.0,1483.0
772,-8.0,-20.0,3740.0
773,-6.0,-20.0,1242.0
774,-4.0,-20.0,3341.0
775,-2.0,-20.0,2111.0
776,0.0,-20.0,1945.0
777,2.0,-20.0,1836.0
778,4.0,-20.0,3219.0
779,6.0,-20.0,1232.0
780,8.0,-20.0,1582.0
781,10.0,-20.0,3060.0
782,12.0,-20.0,1721.0
783,14.0,-20.0,4516.0
784,16.0,-20.0,2639.0
785,18.0,-20.0,4637.0
786,20.0,-20.0,3484.0
787,22.0,-20.0,5345.0
788,24.0,-20.0,8043.0
789,26.0,-20.0,5816.0
790,28.0,-20.0,9399.0
791,30.0,-20.0,10852.0
792,32.0,-20.0,9803.0
793,34.0,-20.0,12384.0
794,36.0,-20.0,14465.0
795,38.0,-20.0,11874.0
796,40.0,-20.0,14449.0
797,42.0,-20.0,15435.0
798,44.0,-20.0,17736.0
799,46.0,-20.0,20393.0
800,48.0,-20.0,21794.0
801,-50.0,-18.0,21664.8
802,-48.0,-18.0,20128.8
803,-46.0,-18.0,20184.8
804,-44.0,-18.0,17488.8
805,-42.0,-18.0,16776.8
806,-40.0,-18.0,15951.8
807,-38.0,-18.0,15079.8
808,-36.0,-18.0,12721.8
809,-34.0,-18.0,10717.8
810,-32.0,-18.0,8530.8
811,-30.0,-18.0,8561.8
812,-28.0,-18.0,8665.8
813,-26.0,-18.0,5764.8
814,-24.0,-18.0,5702.8
815,-22.0,-18.0,5722.8
816,-20.0,-18.0,6253.8
817,-18.0,-18.0,6749.8
818,-16.0,-18.0,3904.8
819,-14.0,-18.0,2227.8
820,-12.0,-18.0,3382.8
821,-10.0,-18.0,4482.8
822,-8.0,-18.0,4604.8
823,-6.0,-18.0,4172.8
824,-4.0,-18.0,2752.8
825,-2.0,-18.0,3287.8
826,0.0,-18.0,382.8
827,2.0,-18.0,2967.8
828,4.0,-18.0,530.8
829,6.0,-18.0,2469.8
830,8.0,-18.0,930.8
831,10.0,-18.0,3362.8
832,12.0,-18.0,4152.8
833,14.0,-18.0,2848.8
834,16.0,-18.0,3628.8
835,18.0,-18.0,4894.8
836,20.0,-18.0,4102.8
837,22.0,-18.0,8072.8
838,24.0,-18.0,7100.8
839,26.0,-18.0,8423.8
840,28.0,-18.0,9668.8
841,30.0,-18.0,7710.8
842,32.0,-18.0,8962.8
843,34.0,-18.0,11386.8
844,36.0,-18.0,13231.8
845,38.0,-18.0,13683.8
846,40.0,-18.0,13712.8
847,42.0,-18.0,14617.8
848,44.0,-18.0,17275.8
849,46.0,-18.0,19362.8
850,48.0,-18.0,22177.8
851,-50.0,-16.0,20559.2
852,-48.0,-16.0,20174.2
853,-46.0,-16.0,20230.2
854,-44.0,-16.0,16118.2
855,-42.0,-16.0,16520.2
856,-40.0,-16.0,16608.2
857,-38.0,-16.0,12153.2
858,-36.0,-16.0,11057.2
859,-34.0,-16.0,12753.2
860,-32.0,-16.0,8726.2
861,-30.0,-16.0,9408.2
862,-28.0,-16.0,9045.2
863,-26.0,-16.0,6553.2
864,-24.0,-16.0,5319.2
865,-22.0,-16.0,5504.2
866,-20.0,-16.0,6292.2
867,-18.0,-16.0,4363.2
868,-16.0,-16.0,3444.2
869,-14.0,-16.0,4399.2
870,-12.0,-16.0,3092.2
871,-10.0,-16.0,2498.2
872,-8.0,-16.0,885.2
873,-6.0,-16.0,2719.2
874,-4.0,-16.0,4081.2
875,-2.0,-16.0,443.2
876,0.0,-16.0,3467.2
877,2.0,-16.0,246.2
878,4.0,-16.0,3607.2
879,6.0,-16.0,4315.2
880,8.0,-16.0,2700.2
881,10.0,-16.0,4212.2
882,12.0,-16.0,2655.2
883,14.0,-16.0,1806.2
884,16.0,-16.0,6027.2
885,18.0,-16.0,6211.2
886,20.0,-16.0,5057.2
887,22.0,-16.0,6077.2
888,24.0,-16.0,8433.2
889,26.0,-16.0,8047.2
890,28.0,-16.0,6684.2
891,30.0,-16.0,10302.2
892,32.0,-16.0,9796.2
893,34.0,-16.0,12006.2
894,36.0,-16.0,13908.2
895,38.0,-16.0,13897.2
896,40.0,-16.0,13116.2
897,42.0,-16.0,17321.2
898,44.0,-16.0,17588.2
899,46.0,-16.0,18203.2
900,48.0,-16.0,20168.2
901,-50.0,-14.0,20426.2
902,-48.0,-14.0,19612.2
903,-46.0,-14.0,20098.2
904,-44.0,-14.0,18409.2
905,-42.0,-14.0,16393.2
906,-40.0,-14.0,13643.2
907,-38.0,-14.0,12794.2
908,-36.0,-14.0,12079.2
909,-34.0,-14.0,12505.2
910,-32.0,-14.0,9465.2
911,-30.0,-14.0,11096.2
912,-28.0,-14.0,8536.2
913,-26.0,-14.0,8820.2
914,-24.0,-14.0,7376.2
915,-22.0,-14.0,5495.2
916,-20.0,-14.0,5432.2
917,-18.0,-14.0,5559.2
918,-16.0,-14.0,3736.2
919,-14.0,-14.0,4520.2
920,-12.0,-14.0,2377.2
921,-10.0,-14.0,3145.2
922,-8.0,-14.0,769.2
923,-6.0,-14.0,2168.2
924,-4.0,-14.0,3105.2
925,-2.0,-14.0,1129.2
926,0.0,-14.0,887.2
927,2.0,-14.0,1348.2
928,4.0,-14.0,1166.2
929,6.0,-14.0,1784.2
930,8.0,-14.0,4586.2
931,10.0,-14.0,2345.2
932,12.0,-14.0,3660.2
933,14.0,-14.0,4347.2
934,16.0,-14.0,5872.2
935,18.0,-14.0,4872.2
936,20.0,-14.0,5492.2
937,22.0,-14.0,4667.2
938,24.0,-14.0,5013.2
939,26.0,-14.0,7379.2
940,28.0,-14.0,6897.2
941,30.0,-14.0,7398.2
942,32.0,-14.0,9186.2
943,34.0,-14.0,11022.2
944,36.0,-14.0,14064.2
945,38.0,-14.0,12278.2
946,40.0,-14.0,14690.2
947,42.0,-14.0,17646.2
948,44.0,-14.0,19000.2
949,46.0,-14.0,20342.2
950,48.0,-14.0,18747.2
951,-50.0,-12.0,20767.8
952,-48.0,-12.0,19886.8
953,-46.0,-12.0,18550.8
954,-44.0,-12.0,17870.8
955,-42.0,-12.0,15996.8
956,-40.0,-12.0,13662.8
957,-38.0,-12.0,15290.8
958,-36.0,-12.0,13428.8
959,-34.0,-12.0,9984.8
960,-32.0,-12.0,8358.8
961,-30.0,-12.0,10743.8
962,-28.0,-12.0,6919.8
963,-26.0,-12.0,6989.8
964,-24.0,-12.0,5236.8
965,-22.0,-12.0,4845.8
966,-20.0,-12.0,6482.8
967,-18.0,-12.0,2726.8
968,-16.0,-12.0,5574.8
969,-14.0,-12.0,1784.8
970,-12.0,-12.0,1797.8
971,-10.0,-12.0,2194.8
972,-8.0,-12.0,1227.8
973,-6.0,-12.0,924.8
974,-4.0,-12.0,1454.8
975,-2.0,-12.0,3296.8
976,0.0,-12.0,1139.8
977,2.0,-12.0,513.8
978,4.0,-12.0,2166.8
979,6.0,-12.0,2092.8
980,8.0,-12.0,4400.8
981,10.0,-12.0,4795.8
982,12.0,-12.0,2951.8
983,14.0,-12.0,1998.8
984,16.0,-12.0,5703.8
985,18.0,-12.0,3721.8
986,20.0,-12.0,5607.8
987,22.0,-12.0,7920.8
988,24.0,-12.0,5584.8
989,26.0,-12.0,5845.8
990,28.0,-12.0,8598.8
991,30.0,-12.0,8162.8
992,32.0,-12.0,9091.8
993,34.0,-12.0,12504.8
994,36.0,-12.0,13429.8
995,38.0,-12.0,15006.8
996,40.0,-12.0,13274.8
997,42.0,-12.0,15563.8
998,44.0,-12.0,18335.8
999,46.0,-12.0,18309.8
1000,48.0,-12.0,22525.8
1001,-50.0,-10.0,22453.0
1002,-48.0,-10.0,19561.0
1003,-46.0,-10.0,19021.0
1004,-44.0,-10.0,15657.0
1005,-42.0,-10.0,14818.0
1006,-40.0,-10.0,16324.0
1007,-38.0,-10.0,14183.0
1008,-36.0,-10.0,10482.0
1009,-34.0,-10.0,9925.0
1010,-32.0,-10.0,11033.0
1011,-30.0,-10.0,9119.0
1012,-28.0,-10.0,8684.0
1013,-26.0,-10.0,8020.0
1014,-24.0,-10.0,6940.0
1015,-22.0,-10.0,5021.0
1016,-20.0,-10.0,5855.0
1017,-18.0,-10.0,5972.0
1018,-16.0,-10.0,2646.0
1019,-14.0,-10.0,5283.0
1020,-12.0,-10.0,1991.0
1021,-10.0,-10.0,3250.0
1022,-8.0,-10.0,2487.0
1023,-6.0,-10.0,3102.0
1024,-4.0,-10.0,1025.0
1025,-2.0,-10.0,3718.0
1026,0.0,-10.0,202.0
1027,2.0,-10.0,2485.0
1028,4.0,-10.0,2346.0
1029,6.0,-10.0,2566.0
1030,8.0,-10.0,1378.0
1031,10.0,-10.0,2620.0
1032,12.0,-10.0,3401.0
1033,14.0,-10.0,2540.0
1034,16.0,-10.0,5971.0
1035,18.0,-10.0,4936.0
1036,20.0,-10.0,5881.0
1037,22.0,-10.0,5644.0
1038,24.0,-10.0,6116.0
1039,26.0,-10.0,8532.0
1040,28.0,-10.0,7716.0
1041,30.0,-10.0,7972.0
1042,32.0,-10.0,8906.0
1043,34.0,-10.0,10585.0
1044,36.0,-10.0,13737.0
1045,38.0,-10.0,13069.0
1046,40.0,-10.0,13674.0
1047,42.0,-10.0,15234.0
1048,44.0,-10.0,17157.0
1049,46.0,-10.0,19314.0
1050,48.0,-10.0,20121.0
1051,-50.0,-8.0,21872.8
1052,-48.0,-8.0,20621.8
1053,-46.0,-8.0,18941.8
1054,-44.0,-8.0,18910.8
1055,-42.0,-8.0,17633.8
1056,-40.0,-8.0,15833.8
1057,-38.0,-8.0,11685.8
1058,-36.0,-8.0,13231.8
1059,-34.0,-8.0,12995.8
1060,-32.0,-8.0,9372.8
1061,-30.0,-8.0,9160.8
1062,-28.0,-8.0,7516.8
1063,-26.0,-8.0,5886.8
1064,-24.0,-8.0,6866.8
1065,-22.0,-8.0,7033.8
1066,-20.0,-8.0,5624.8
1067,-18.0,-8.0,4225.8
1068,-16.0,-8.0,3185.8
1069,-14.0,-8.0,3934.8
1070,-12.0,-8.0,1860.8
1071,-10.0,-8.0,3640.8
1072,-8.0,-8.0,2702.8
1073,-6.0,-8.0,814.8
1074,-4.0,-8.0,483.8
1075,-2.0,-8.0,224.8
1076,0.0,-8.0,1766.8
1077,2.0,-8.0,1789.8
1078,4.0,-8.0,3559.8
1079,6.0,-8.0,3770.8
1080,8.0,-8.0,2244.8
1081,10.0,-8.0,3074.8
1082,12.0,-8.0,4167.8
1083,14.0,-8.0,5561.8
1084,16.0,-8.0,5835.8
1085,18.0,-8.0,5193.8
1086,20.0,-8.0,6445.8
1087,22.0,-8.0,4928.8
1088,24.0,-8.0,7800.8
1089,26.0,-8.0,7577.8
1090,28.0,-8.0,6508.8
1091,30.0,-8.0,11003.8
1092,32.0,-8.0,10771.8
1093,34.0,-8.0,12064.8
1094,36.0,-8.0,11720.8
1095,38.0,-8.0,13207.8
1096,40.0,-8.0,16698.8
1097,42.0,-8.0,18085.8
1098,44.0,-8.0,18858.8
1099,46.0,-8.0,20479.8
1100,48.0,-8.0,20840.8
1101,-50.0,-6.0,20927.2
1102,-48.0,-6.0,22109.2
1103,-46.0,-6.0,17903.2
1104,-44.0,-6.0,18697.2
1105,-42.0,-6.0,15069.2
1106,-40.0,-6.0,15245.2
1107,-38.0,-6.0,12936.2
1108,-36.0,-6.0,11707.2
1109,-34.0,-6.0,12100.2
1110,-32.0,-6.0,11081.2
1111,-30.0,-6.0,10025.2
1112,-28.0,-6.0,8310.2
1113,-26.0,-6.0,7636.2
1114,-24.0,-6.0,5650.2
1115,-22.0,-6.0,6127.2
1116,-20.0,-6.0,4393.2
1117,-18.0,-6.0,4019.2
1118,-16.0,-6.0,4761.2
1119,-14.0,-6.0,1745.2
1120,-12.0,-6.0,2855.2
1121,-10.0,-6.0,3395.2
1122,-8.0,-6.0,3086.2
1123,-6.0,-6.0,2458.2
1124,-4.0,-6.0,3060.2
1125,-2.0,-6.0,289.2
1126,0.0,-6.0,454.2
1127,2.0,-6.0,2897.2
1128,4.0,-6.0,1781.2
1129,6.0,-6.0,550.2
1130,8.0,-6.0,2179.2
1131,10.0,-6.0,1625.2
1132,12.0,-6.0,2317.2
1133,14.0,-6.0,3054.2
1134,16.0,-6.0,2586.2
1135,18.0,-6.0,4862.2
1136,20.0,-6.0,6011.2
1137,22.0,-6.0,7451.2
1138,24.0,-6.0,5132.2
1139,26.0,-6.0,9235.2
1140,28.0,-6.0,7089.2
1141,30.0,-6.0,7753.2
1142,32.0,-6.0,12070.2
1143,34.0,-6.0,12982.2
1144,36.0,-6.0,11156.2
1145,38.0,-6.0,12564.2
1146,40.0,-6.0,13533.2
1147,42.0,-6.0,16113.2
1148,44.0,-6.0,17960.2
1149,46.0,-6.0,17245.2
1150,48.0,-6.0,21853.2
1151,-50.0,-4.0,20273.2
1152,-48.0,-4.0,20258.2
1153,-46.0,-4.0,18382.2
1154,-44.0,-4.0,17528.2
1155,-42.0,-4.0,16938.2
1156,-40.0,-4.0,15725.2
1157,-38.0,-4.0,14563.2
1158,-36.0,-4.0,13722.2
1159,-34.0,-4.0,12648.2
1160,-32.0,-4.0,9718.2
1161,-30.0,-4.0,10552.2
1162,-28.0,-4.0,7855.2
1163,-26.0,-4.0,6246.2
1164,-24.0,-4.0,7455.2
1165,-22.0,-4.0,7173.2
1166,-20.0,-4.0,4803.2
1167,-18.0,-4.0,3140.2
1168,-16.0,-4.0,4872.2
1169,-14.0,-4.0,3863.2
1170,-12.0,-4.0,4664.2
1171,-10.0,-4.0,2495.2
1172,-8.0,-4.0,3793.2
1173,-6.0,-4.0,3127.2
1174,-4.0,-4.0,3206.2
1175,-2.0,-4.0,1594.2
1176,0.0,-4.0,2481.2
1177,2.0,-4.0,3579.2
1178,4.0,-4.0,1636.2
1179,6.0,-4.0,2677.2
1180,8.0,-4.0,1448.2
1181,10.0,-4.0,3251.2
1182,12.0,-4.0,3453.2
1183,14.0,-4.0,4316.2
1184,16.0,-4.0,2453.2
1185,18.0,-4.0,4380.2
1186,20.0,-4.0,4528.2
1187,22.0,-4.0,7178.2
1188,24.0,-4.0,8266.2
1189,26.0,-4.0,6528.2
1190,28.0,-4.0,8759.2
1191,30.0,-4.0,10926.2
1192,32.0,-4.0,11669.2
1193,34.0,-4.0,12960.2
1194,36.0,-4.0,10981.2
1195,38.0,-4.0,12167.2
1196,40.0,-4.0,16289.2
1197,42.0,-4.0,17887.2
1198,44.0,-4.0,16474.2
1199,46.0,-4.0,19888.2
1200,48.0,-4.0,20349.2
1201,-50.0,-2.0,20071.8
1202,-48.0,-2.0,18614.8
1203,-46.0,-2.0,19667.8
1204,-44.0,-2.0,17062.8
1205,-42.0,-2.0,14573.8
1206,-40.0,-2.0,14434.8
1207,-38.0,-2.0,15496.8
1208,-36.0,-2.0,11078.8
1209,-34.0,-2.0,11868.8
1210,-32.0,-2.0,11488.8
1211,-30.0,-2.0,11147.8
1212,-28.0,-2.0,9387.8
1213,-26.0,-2.0,7105.8
1214,-24.0,-2.0,8027.8
1215,-22.0,-2.0,6889.8
1216,-20.0,-2.0,4986.8
1217,-18.0,-2.0,2824.8
1218,-16.0,-2.0,2539.8
1219,-14.0,-2.0,2600.8
1220,-12.0,-2.0,4553.8
1221,-10.0,-2.0,3616.8
1222,-8.0,-2.0,3286.8
1223,-6.0,-2.0,3508.8
1224,-4.0,-2.0,4020.8
1225,-2.0,-2.0,72.8
1226,0.0,-2.0,1195.8
1227,2.0,-2.0,3661.8
1228,4.0,-2.0,2279.8
1229,6.0,-2.0,3710.8
1230,8.0,-2.0,3564.8
1231,10.0,-2.0,2551.8
1232,12.0,-2.0,4769.8
1233,14.0,-2.0,1683.8
1234,16.0,-2.0,4043.8
1235,18.0,-2.0,4959.8
1236,20.0,-2.0,7094.8
1237,22.0,-2.0,5780.8
1238,24.0,-2.0,6416.8
1239,26.0,-2.0,6278.8
1240,28.0,-2.0,7902.8
1241,30.0,-2.0,8538.8
1242,32.0,-2.0,11658.8
1243,34.0,-2.0,12788.8
1244,36.0,-2.0,10431.8
1245,38.0,-2.0,12610.8
1246,40.0,-2.0,15599.8
1247,42.0,-2.0,17243.8
1248,44.0,-2.0,18312.8
1249,46.0,-2.0,18653.8
1250,48.0,-2.0,21404.8
1251,-50.0,0.0,21208.0
1252,-48.0,0.0,18894.0
1253,-46.0,0.0,17314.0
1254,-44.0,0.0,18164.0
1255,-42.0,0.0,16361.0
1256,-40.0,0.0,13445.0
1257,-38.0,0.0,13960.0
1258,-36.0,0.0,11091.0
1259,-34.0,0.0,10039.0
1260,-32.0,0.0,10366.0
1261,-30.0,0.0,11050.0
1262,-28.0,0.0,8394.0
1263,-26.0,0.0,9374.0
1264,-24.0,0.0,6181.0
1265,-22.0,0.0,6258.0
1266,-20.0,0.0,5105.0
1267,-18.0,0.0,2999.0
1268,-16.0,0.0,3553.0
1269,-14.0,0.0,3989.0
1270,-12.0,0.0,4393.0
1271,-10.0,0.0,4613.0
1272,-8.0,0.0,4262.0
1273,-6.0,0.0,4054.0
1274,-4.0,0.0,743.0
1275,-2.0,0.0,1355.0
1276,0.0,0.0,793.0
1277,2.0,0.0,3325.0
1278,4.0,0.0,806.0
1279,6.0,0.0,734.0
1280,8.0,0.0,2657.0
1281,10.0,0.0,2112.0
1282,12.0,0.0,3827.0
1283,14.0,0.0,4246.0
1284,16.0,0.0,3976.0
1285,18.0,0.0,3230.0
1286,20.0,0.0,3481.0
1287,22.0,0.0,6983.0
1288,24.0,0.0,7471.0
1289,26.0,0.0,8277.0
1290,28.0,0.0,7300.0
1291,30.0,0.0,7922.0
1292,32.0,0.0,8625.0
1293,34.0,0.0,11047.0
1294,36.0,0.0,14275.0
1295,38.0,0.0,12716.0
1296,40.0,0.0,12996.0
1297,42.0,0.0,15628.0
1298,44.0,0.0,15523.0
1299,46.0,0.0,19019.0
1300,48.0,0.0,20883.0
1301,-50.0,2.0,21554.8
1302,-48.0,2.0,19342.8
1303,-46.0,2.0,17730.8
1304,-44.0,2.0,15909.8
1305,-42.0,2.0,15330.8
1306,-40.0,2.0,15328.8
1307,-38.0,2.0,13380.8
1308,-36.0,2.0,10529.8
1309,-34.0,2.0,12519.8
1310,-32.0,2.0,9259.8
1311,-30.0,2.0,8302.8
1312,-28.0,2.0,7885.8
1313,-26.0,2.0,8031.8
1314,-24.0,2.0,8327.8
1315,-22.0,2.0,4547.8
1316,-20.0,2.0,5638.8
1317,-18.0,2.0,5414.8
1318,-16.0,2.0,4374.8
1319,-14.0,2.0,2079.8
1320,-12.0,2.0,3789.8
1321,-10.0,2.0,4742.8
1322,-8.0,2.0,3820.8
1323,-6.0,2.0,3602.8
1324,-4.0,2.0,2469.8
1325,-2.0,2.0,2142.8
1326,0.0,2.0,2271.8
1327,2.0,2.0,3854.8
1328,4.0,2.0,4086.8
1329,6.0,2.0,3187.8
1330,8.0,2.0,2960.8
1331,10.0,2.0,4695.8
1332,12.0,2.0,3939.8
1333,14.0,2.0,5148.8
1334,16.0,2.0,3792.8
1335,18.0,2.0,4208.8
1336,20.0,2.0,4045.8
1337,22.0,2.0,7536.8
1338,24.0,2.0,7940.8
1339,26.0,2.0,8526.8
1340,28.0,2.0,7225.8
1341,30.0,2.0,10301.8
1342,32.0,2.0,12055.8
1343,34.0,2.0,13175.8
1344,36.0,2.0,10873.8
1345,38.0,2.0,11773.8
1346,40.0,2.0,14549.8
1347,42.0,2.0,15340.8
1348,44.0,2.0,19159.8
1349,46.0,2.0,17789.8
1350,48.0,2.0,20812.8
1351,-50.0,4.0,21364.2
1352,-48.0,4.0,20001.2
1353,-46.0,4.0,19850.2
1354,-44.0,4.0,16249.2
1355,-42.0,4.0,15589.2
1356,-40.0,4.0,16116.2
1357,-38.0,4.0,12727.2
1358,-36.0,4.0,13729.2
1359,-34.0,4.0,9580.2
1360,-32.0,4.0,8379.2
1361,-30.0,4.0,9675.2
1362,-28.0,4.0,9288.2
1363,-26.0,4.0,8207.2
1364,-24.0,4.0,6538.2
1365,-22.0,4.0,3931.2
1366,-20.0,4.0,5738.2
1367,-18.0,4.0,6137.2
1368,-16.0,4.0,4308.2
1369,-14.0,4.0,4093.2
1370,-12.0,4.0,2201.2
1371,-10.0,4.0,2504.2
1372,-8.0,4.0,1925.2
1373,-6.0,4.0,1350.2
1374,-4.0,4.0,3131.2
1375,-2.0,4.0,2795.2
1376,0.0,4.0,2040.2
1377,2.0,4.0,1459.2
1378,4.0,4.0,1364.2
1379,6.0,4.0,2946.2
1380,8.0,4.0,1020.2
1381,10.0,4.0,1464.2
1382,12.0,4.0,5159.2
1383,14.0,4.0,3258.2
1384,16.0,4.0,3512.2
1385,18.0,4.0,5491.2
1386,20.0,4.0,6778.2
1387,22.0,4.0,4683.2
1388,24.0,4.0,8374.2
1389,26.0,4.0,6810.2
1390,28.0,4.0,7815.2
1391,30.0,4.0,7855.2
1392,32.0,4.0,10295.2
1393,34.0,4.0,13016.2
1394,36.0,4.0,12286.2
1395,38.0,4.0,12898.2
1396,40.0,4.0,13368.2
1397,42.0,4.0,15982.2
1398,44.0,4.0,17237.2
1399,46.0,4.0,16977.2
1400,48.0,4.0,21729.2
1401,-50.0,6.0,22867.2
1402,-48.0,6.0,21976.2
1403,-46.0,6.0,20793.2
1404,-44.0,6.0,16452.2
1405,-42.0,6.0,15362.2
1406,-40.0,6.0,12902.2
1407,-38.0,6.0,13174.2
1408,-36.0,6.0,11609.2
1409,-34.0,6.0,12461.2
1410,-32.0,6.0,9072.2
1411,-30.0,6.0,8837.2
1412,-28.0,6.0,6515.2
1413,-26.0,6.0,7402.2
1414,-24.0,6.0,7819.2
1415,-22.0,6.0,7204.2
1416,-20.0,6.0,5004.2
1417,-18.0,6.0,4075.2
1418,-16.0,6.0,3624.2
1419,-14.0,6.0,2402.2
1420,-12.0,6.0,1671.2
1421,-10.0,6.0,4156.2
1422,-8.0,6.0,549.2
1423,-6.0,6.0,3831.2
1424,-4.0,6.0,2582.2
1425,-2.0,6.0,2119.2
1426,0.0,6.0,2422.2
1427,2.0,6.0,1825.2
1428,4.0,6.0,891.2
1429,6.0,6.0,3305.2
1430,8.0,6.0,1806.2
1431,10.0,6.0,3558.2
1432,12.0,6.0,2616.2
1433,14.0,6.0,2615.2
1434,16.0,6.0,5188.2
1435,18.0,6.0,3455.2
1436,20.0,6.0,5780.2
1437,22.0,6.0,7409.2
1438,24.0,6.0,6146.2
1439,26.0,6.0,8764.2
1440,28.0,6.0,8905.2
1441,30.0,6.0,8004.2
1442,32.0,6.0,10946.2
1443,34.0,6.0,11164.2
1444,36.0,6.0,13071.2
1445,38.0,6.0,13148.2
1446,40.0,6.0,15380.2
1447,42.0,6.0,16204.2
1448,44.0,6.0,16604.2
1449,46.0,6.0,18376.2
1450,48.0,6.0,18832.2
1451,-50.0,8.0,22301.8
1452,-48.0,8.0,21356.8
1453,-46.0,8.0,19214.8
1454,-44.0,8.0,16262.8
1455,-42.0,8.0,17174.8
1456,-40.0,8.0,15408.8
1457,-38.0,8.0,12305.8
1458,-36.0,8.0,13497.8
1459,-34.0,8.0,10555.8
1460,-32.0,8.0,8601.8
1461,-30.0,8.0,9130.8
1462,-28.0,8.0,9729.8
1463,-26.0,8.0,5492.8
1464,-24.0,8.0,4890.8
1465,-22.0,8.0,5544.8
1466,-20.0,8.0,6878.8
1467,-18.0,8.0,4942.8
1468,-16.0,8.0,5406.8
1469,-14.0,8.0,2693.8
1470,-12.0,8.0,4768.8
1471,-10.0,8.0,2166.8
1472,-8.0,8.0,2153.8
1473,-6.0,8.0,943.8
1474,-4.0,8.0,3119.8
1475,-2.0,8.0,2683.8
1476,0.0,8.0,3781.8
1477,2.0,8.0,1097.8
1478,4.0,8.0,1125.8
1479,6.0,8.0,2263.8
1480,8.0,8.0,3671.8
1481,10.0,8.0,4807.8
1482,12.0,8.0,3408.8
1483,14.0,8.0,4297.8
1484,16.0,8.0,4383.8
1485,18.0,8.0,4369.8
1486,20.0,8.0,5980.8
1487,22.0,8.0,7207.8
1488,24.0,8.0,8467.8
1489,26.0,8.0,6857.8
1490,28.0,8.0,6747.8
1491,30.0,8.0,9121.8
1492,32.0,8.0,11789.8
1493,34.0,8.0,10212.8
1494,36.0,8.0,11466.8
1495,38.0,8.0,13731.8
1496,40.0,8.0,15912.8
1497,42.0,8.0,15834.8
1498,44.0,8.0,18908.8
1499,46.0,8.0,20608.8
1500,48.0,8.0,19780.8
1501,-50.0,10.0,21274.0
1502,-48.0,10.0,20472.0
1503,-46.0,10.0,19936.0
1504,-44.0,10.0,16027.0
1505,-42.0,10.0,17306.0
1506,-40.0,10.0,15780.0
1507,-38.0,10.0,15053.0
1508,-36.0,10.0,13472.0
1509,-34.0,10.0,10043.0
1510,-32.0,10.0,8310.0
1511,-30.0,10.0,8872.0
1512,-28.0,10.0,6434.0
1513,-26.0,10.0,7549.0
1514,-24.0,10.0,7127.0
1515,-22.0,10.0,7501.0
1516,-20.0,10.0,4854.0
1517,-18.0,10.0,5582.0
1518,-16.0,10.0,5342.0
1519,-14.0,10.0,3195.0
1520,-12.0,10.0,2024.0
1521,-10.0,10.0,3817.0
1522,-8.0,10.0,4353.0
1523,-6.0,10.0,1901.0
1524,-4.0,10.0,2994.0
1525,-2.0,10.0,2599.0
1526,0.0,10.0,2622.0
1527,2.0,10.0,3635.0
1528,4.0,10.0,3025.0
1529,6.0,10.0,2795.0
1530,8.0,10.0,3486.0
1531,10.0,10.0,2765.0
1532,12.0,10.0,4456.0
1533,14.0,10.0,3633.0
1534,16.0,10.0,4873.0
1535,18.0,10.0,4605.0
1536,20.0,10.0,4663.0
1537,22.0,10.0,5433.0
1538,24.0,10.0,7981.0
1539,26.0,10.0,8882.0
1540,28.0,10.0,9064.0
1541,30.0,10.0,7767.0
1542,32.0,10.0,11236.0
1543,34.0,10.0,10870.0
1544,36.0,10.0,12871.0
1545,38.0,10.0,13396.0
1546,40.0,10.0,15758.0
1547,42.0,10.0,16843.0
1548,44.0,10.0,18682.0
1549,46.0,10.0,20560.0
1550,48.0,10.0,18605.0
1551,-50.0,12.0,22365.8
1552,-48.0,12.0,19129.8
1553,-46.0,12.0,20645.8
1554,-44.0,12.0,17018.8
1555,-42.0,12.0,15199.8
1556,-40.0,12.0,15697.8
1557,-38.0,12.0,13467.8
1558,-36.0,12.0,12837.8
1559,-34.0,12.0,13257.8
1560,-32.0,12.0,8509.8
1561,-30.0,12.0,9142.8
1562,-28.0,12.0,9584.8
1563,-26.0,12.0,6562.8
1564,-24.0,12.0,6728.8
1565,-22.0,12.0,7288.8
1566,-20.0,12.0,4878.8
1567,-18.0,12.0,6661.8
1568,-16.0,12.0,5989.8
1569,-14.0,12.0,3658.8
1570,-12.0,12.0,2456.8
1571,-10.0,12.0,1409.8
1572,-8.0,12.0,2740.8
1573,-6.0,12.0,927.8
1574,-4.0,12.0,4026.8
1575,-2.0,12.0,1997.8
1576,0.0,12.0,2939.8
1577,2.0,12.0,1414.8
1578,4.0,12.0,705.8
1579,6.0,12.0,3901.8
1580,8.0,12.0,744.8
1581,10.0,12.0,3544.8
1582,12.0,12.0,3918.8
1583,14.0,12.0,2090.8
1584,16.0,12.0,2316.8
1585,18.0,12.0,6410.8
1586,20.0,12.0,5630.8
1587,22.0,12.0,6207.8
1588,24.0,12.0,7219.8
1589,26.0,12.0,5581.8
1590,28.0,12.0,8242.8
1591,30.0,12.0,7737.8
1592,32.0,12.0,8545.8
1593,34.0,12.0,10118.8
1594,36.0,12.0,11274.8
1595,38.0,12.0,14351.8
1596,40.0,12.0,16531.8
1597,42.0,12.0,18157.8
1598,44.0,12.0,18489.8
1599,46.0,12.0,18541.8
1600,48.0,12.0,19178.8
1601,-50.0,14.0,23124.2
1602,-48.0,14.0,22282.2
1603,-46.0,14.0,20158.2
1604,-44.0,14.0,17583.2
1605,-42.0,14.0,15832.2
1606,-40.0,14.0,13510.2
1607,-38.0,14.0,12659.2
1608,-36.0,14.0,14296.2
1609,-34.0,14.0,12527.2
1610,-32.0,14.0,10208.2
1611,-30.0,14.0,8338.2
1612,-28.0,14.0,7072.2
1613,-26.0,14.0,6869.2
1614,-24.0,14.0,6603.2
1615,-22.0,14.0,4879.2
1616,-20.0,14.0,7131.2
1617,-18.0,14.0,4596.2
1618,-16.0,14.0,2673.2
1619,-14.0,14.0,3454.2
1620,-12.0,14.0,5237.2
1621,-10.0,14.0,4213.2
1622,-8.0,14.0,2706.2
1623,-6.0,14.0,3183.2
1624,-4.0,14.0,454.2
1625,-2.0,14.0,2298.2
1626,0.0,14.0,2405.2
1627,2.0,14.0,3459.2
1628,4.0,14.0,931.2
1629,6.0,14.0,3943.2
1630,8.0,14.0,2995.2
1631,10.0,14.0,1536.2
1632,12.0,14.0,1930.2
1633,14.0,14.0,3175.2
1634,16.0,14.0,4958.2
1635,18.0,14.0,4348.2
1636,20.0,14.0,4990.2
1637,22.0,14.0,7418.2
1638,24.0,14.0,5801.2
1639,26.0,14.0,7181.2
1640,28.0,14.0,10086.2
1641,30.0,14.0,7420.2
1642,32.0,14.0,12050.2
1643,34.0,14.0,12646.2
1644,36.0,14.0,10980.2
1645,38.0,14.0,13855.2
1646,40.0,14.0,13293.2
1647,42.0,14.0,17019.2
1648,44.0,14.0,17418.2
1649,46.0,14.0,19208.2
1650,48.0,14.0,19321.2
1651,-50.0,16.0,23488.2
1652,-48.0,16.0,21817.2
1653,-46.0,16.0,20142.2
1654,-44.0,16.0,17778.2
1655,-42.0,16.0,16028.2
1656,-40.0,16.0,13834.2
1657,-38.0,16.0,12070.2
1658,-36.0,16.0,13711.2
1659,-34.0,16.0,9958.2
1660,-32.0,16.0,11308.2
1661,-30.0,16.0,7854.2
1662,-28.0,16.0,8809.2
1663,-26.0,16.0,8141.2
1664,-24.0,16.0,8140.2
1665,-22.0,16.0,4263.2
1666,-20.0,16.0,5706.2
1667,-18.0,16.0,4687.2
1668,-16.0,16.0,5473.2
1669,-14.0,16.0,3989.2
1670,-12.0,16.0,4703.2
1671,-10.0,16.0,4599.2
1672,-8.0,16.0,1483.2
1673,-6.0,16.0,1769.2
1674,-4.0,16.0,3758.2
1675,-2.0,16.0,3645.2
1676,0.0,16.0,2810.2
1677,2.0,16.0,1085.2
1678,4.0,16.0,3353.2
1679,6.0,16.0,3804.2
1680,8.0,16.0,3286.2
1681,10.0,16.0,3226.2
1682,12.0,16.0,1341.2
1683,14.0,16.0,2186.2
1684,16.0,16.0,4634.2
1685,18.0,16.0,5468.2
1686,20.0,16.0,6584.2
1687,22.0,16.0,4927.2
1688,24.0,16.0,6869.2
1689,26.0,16.0,6692.2
1690,28.0,16.0,8819.2
1691,30.0,16.0,10762.2
1692,32.0,16.0,8398.2
1693,34.0,16.0,13111.2
1694,36.0,16.0,14033.2
1695,38.0,16.0,14324.2
1696,40.0,16.0,15682.2
1697,42.0,16.0,17344.2
1698,44.0,16.0,17138.2
1699,46.0,16.0,19798.2
1700,48.0,16.0,20526.2
1701,-50.0,18.0,23927.8
1702,-48.0,18.0,21873.8
1703,-46.0,18.0,18489.8
1704,-44.0,18.0,18007.8
1705,-42.0,18.0,17144.8
1706,-40.0,18.0,14885.8
1707,-38.0,18.0,15111.8
1708,-36.0,18.0,10882.8
1709,-34.0,18.0,12936.8
1710,-32.0,18.0,9508.8
1711,-30.0,18.0,8747.8
1712,-28.0,18.0,9547.8
1713,-26.0,18.0,6048.8
1714,-24.0,18.0,8009.8
1715,-22.0,18.0,4257.8
1716,-20.0,18.0,7322.8
1717,-18.0,18.0,3970.8
1718,-16.0,18.0,2808.8
1719,-14.0,18.0,3264.8
1720,-12.0,18.0,2130.8
1721,-10.0,18.0,3944.8
1722,-8.0,18.0,1403.8
1723,-6.0,18.0,3602.8
1724,-4.0,18.0,2101.8
1725,-2.0,18.0,1093.8
1726,0.0,18.0,3594.8
1727,2.0,18.0,652.8
1728,4.0,18.0,586.8
1729,6.0,18.0,1933.8
1730,8.0,18.0,1254.8
1731,10.0,18.0,2023.8
1732,12.0,18.0,1613.8
1733,14.0,18.0,3541.8
1734,16.0,18.0,2977.8
1735,18.0,18.0,4180.8
1736,20.0,18.0,5850.8
1737,22.0,18.0,4417.8
1738,24.0,18.0,8138.8
1739,26.0,18.0,9623.8
1740,28.0,18.0,10133.8
1741,30.0,18.0,7707.8
1742,32.0,18.0,11963.8
1743,34.0,18.0,12064.8
1744,36.0,18.0,12327.8
1745,38.0,18.0,14351.8
1746,40.0,18.0,16724.8
1747,42.0,18.0,15531.8
1748,44.0,18.0,18063.8
1749,46.0,18.0,20799.8
1750,48.0,18.0,20871.8
1751,-50.0,20.0,24091.0
1752,-48.0,20.0,19627.0
1753,-46.0,20.0,21195.0
1754,-44.0,20.0,16983.0
1755,-42.0,20.0,15878.0
1756,-40.0,20.0,16607.0
1757,-38.0,20.0,13823.0
1758,-36.0,20.0,14413.0
1759,-34.0,20.0,10926.0
1760,-32.0,20.0,11374.0
1761,-30.0,20.0,9983.0
1762,-28.0,20.0,9591.0
1763,-26.0,20.0,8061.0
1764,-24.0,20.0,8029.0
1765,-22.0,20.0,7644.0
1766,-20.0,20.0,5568.0
1767,-18.0,20.0,6279.0
1768,-16.0,20.0,3341.0
1769,-14.0,20.0,3273.0
1770,-12.0,20.0,4488.0
1771,-10.0,20.0,3755.0
1772,-8.0,20.0,1848.0
1773,-6.0,20.0,4520.0
1774,-4.0,20.0,4372.0
1775,-2.0,20.0,1155.0
1776,0.0,20.0,1713.0
1777,2.0,20.0,1359.0
1778,4.0,20.0,2973.0
1779,6.0,20.0,1923.0
1780,8.0,20.0,3744.0
1781,10.0,20.0,1662.0
1782,12.0,20.0,4084.0
1783,14.0,20.0,3984.0
1784,16.0,20.0,5249.0
1785,18.0,20.0,5868.0
1786,20.0,20.0,6117.0
1787,22.0,20.0,4923.0
1788,24.0,20.0,6840.0
1789,26.0,20.0,7613.0
1790,28.0,20.0,7975.0
1791,30.0,20.0,11070.0
1792,32.0,20.0,10792.0
1793,34.0,20.0,10416.0
1794,36.0,20.0,11062.0
1795,38.0,20.0,13365.0
1796,40.0,20.0,14823.0
1797,42.0,20.0,14933.0
1798,44.0,20.0,17997.0
1799,46.0,20.0,19507.0
1800,48.0,20.0,21694.0
1801,-50.0,22.0,20972.8
1802,-48.0,22.0,19133.8
1803,-46.0,22.0,19875.8
1804,-44.0,22.0,18627.8
1805,-42.0,22.0,15912.8
1806,-40.0,22.0,13856.8
1807,-38.0,22.0,12568.8
1808,-36.0,22.0,14447.8
1809,-34.0,22.0,11095.8
1810,-32.0,22.0,9184.8
1811,-30.0,22.0,11151.8
1812,-28.0,22.0,9351.8
1813,-26.0,22.0,9500.8
1814,-24.0,22.0,7103.8
1815,-22.0,22.0,5179.8
1816,-20.0,22.0,5846.8
1817,-18.0,22.0,5471.8
1818,-16.0,22.0,2951.8
1819,-14.0,22.0,2271.8
1820,-12.0,22.0,3761.8
1821,-10.0,22.0,1511.8
1822,-8.0,22.0,3290.8
1823,-6.0,22.0,4025.8
1824,-4.0,22.0,3612.8
1825,-2.0,22.0,3462.8
1826,0.0,22.0,3350.8
1827,2.0,22.0,3147.8
1828,4.0,22.0,3283.8
1829,6.0,22.0,2480.8
1830,8.0,22.0,3039.8
1831,10.0,22.0,1953.8
1832,12.0,22.0,3483.8
1833,14.0,22.0,3385.8
1834,16.0,22.0,4438.8
1835,18.0,22.0,6785.8
1836,20.0,22.0,7035.8
1837,22.0,22.0,4626.8
1838,24.0,22.0,7966.8
1839,26.0,22.0,7540.8
1840,28.0,22.0,8704.8
1841,30.0,22.0,10353.8
1842,32.0,22.0,11044.8
1843,34.0,22.0,10493.8
1844,36.0,22.0,14368.8
1845,38.0,22.0,13956.8
1846,40.0,22.0,16075.8
1847,42.0,22.0,18192.8
1848,44.0,22.0,18087.8
1849,46.0,22.0,19636.8
1850,48.0,22.0,19776.8
1851,-50.0,24.0,22568.2
1852,-48.0,24.0,20300.2
1853,-46.0,24.0,20037.2
1854,-44.0,24.0,19527.2
1855,-42.0,24.0,17905.2
1856,-40.0,24.0,15197.2
1857,-38.0,24.0,12794.2
1858,-36.0,24.0,10979.2
1859,-34.0,24.0,10863.2
1860,-32.0,24.0,8948.2
1861,-30.0,24.0,8323.2
1862,-28.0,24.0,10473.2
1863,-26.0,24.0,9179.2
1864,-24.0,24.0,5586.2
1865,-22.0,24.0,6043.2
1866,-20.0,24.0,3715.2
1867,-18.0,24.0,3376.2
1868,-16.0,24.0,4367.2
1869,-14.0,24.0,2813.2
1870,-12.0,24.0,1823.2
1871,-10.0,24.0,3617.2
1872,-8.0,24.0,1782.2
1873,-6.0,24.0,1141.2
1874,-4.0,24.0,533.2
1875,-2.0,24.0,3410.2
1876,0.0,24.0,4243.2
1877,2.0,24.0,1429.2
1878,4.0,24.0,1886.2
1879,6.0,24.0,2844.2
1880,8.0,24.0,1355.2
1881,10.0,24.0,5186.2
1882,12.0,24.0,5371.2
1883,14.0,24.0,5427.2
1884,16.0,24.0,4118.2
1885,18.0,24.0,5018.2
1886,20.0,24.0,5629.2
1887,22.0,24.0,6471.2
1888,24.0,24.0,7897.2
1889,26.0,24.0,7962.2
1890,28.0,24.0,10599.2
1891,30.0,24.0,10333.2
1892,32.0,24.0,9458.2
1893,34.0,24.0,13555.2
1894,36.0,24.0,13041.2
1895,38.0,24.0,15339.2
1896,40.0,24.0,15694.2
1897,42.0,24.0,15282.2
1898,44.0,24.0,16513.2
1899,46.0,24.0,20650.2
1900,48.0,24.0,20313.2
1901,-50.0,26.0,23178.2
1902,-48.0,26.0,22753.2
1903,-46.0,26.0,18654.2
1904,-44.0,26.0,17682.2
1905,-42.0,26.0,18508.2
1906,-40.0,26.0,15757.2
1907,-38.0,26.0,15157.2
1908,-36.0,26.0,13121.2
1909,-34.0,26.0,12759.2
1910,-32.0,26.0,11036.2
1911,-30.0,26.0,8845.2
1912,-28.0,26.0,7324.2
1913,-26.0,26.0,9328.2
1914,-24.0,26.0,7025.2
1915,-22.0,26.0,5063.2
1916,-20.0,26.0,5597.2
1917,-18.0,26.0,3297.2
1918,-16.0,26.0,5916.2
1919,-14.0,26.0,2427.2
1920,-12.0,26.0,4516.2
1921,-10.0,26.0,1675.2
1922,-8.0,26.0,2277.2
1923,-6.0,26.0,1364.2
1924,-4.0,26.0,4165.2
1925,-2.0,26.0,1389.2
1926,0.0,26.0,1432.2
1927,2.0,26.0,2290.2
1928,4.0,26.0,3856.2
1929,6.0,26.0,4571.2
1930,8.0,26.0,4896.2
1931,10.0,26.0,3629.2
1932,12.0,26.0,3282.2
1933,14.0,26.0,3661.2
1934,16.0,26.0,3547.2
1935,18.0,26.0,5991.2
1936,20.0,26.0,7341.2
1937,22.0,26.0,4967.2
1938,24.0,26.0,8273.2
1939,26.0,26.0,8647.2
1940,28.0,26.0,9478.2
1941,30.0,26.0,8413.2
1942,32.0,26.0,12444.2
1943,34.0,26.0,12099.2
1944,36.0,26.0,11779.2
1945,38.0,26.0,12103.2
1946,40.0,26.0,14087.2
1947,42.0,26.0,16198.2
1948,44.0,26.0,16462.2
1949,46.0,26.0,19204.2
1950,48.0,26.0,21725.2
1951,-50.0,28.0,22273.8
1952,-48.0,28.0,22584.8
1953,-46.0,28.0,21367.8
1954,-44.0,28.0,18987.8
1955,-42.0,28.0,17903.8
1956,-40.0,28.0,14745.8
1957,-38.0,28.0,15541.8
1958,-36.0,28.0,14336.8
1959,-34.0,28.0,12592.8
1960,-32.0,28.0,10431.8
1961,-30.0,28.0,9544.8
1962,-28.0,28.0,8671.8
1963,-26.0,28.0,7231.8
1964,-24.0,28.0,7265.8
1965,-22.0,28.0,5456.8
1966,-20.0,28.0,6780.8
1967,-18.0,28.0,5637.8
1968,-16.0,28.0,5117.8
1969,-14.0,28.0,5807.8
1970,-12.0,28.0,2196.8
1971,-10.0,28.0,2344.8
1972,-8.0,28.0,3212.8
1973,-6.0,28.0,2926.8
1974,-4.0,28.0,2565.8
1975,-2.0,28.0,3095.8
1976,0.0,28.0,1506.8
1977,2.0,28.0,4234.8
1978,4.0,28.0,2750.8
1979,6.0,28.0,1480.8
1980,8.0,28.0,2027.8
1981,10.0,28.0,4744.8
1982,12.0,28.0,1915.8
1983,14.0,28.0,3157.8
1984,16.0,28.0,4724.8
1985,18.0,28.0,6994.8
1986,20.0,28.0,5489.8
1987,22.0,28.0,7321.8
1988,24.0,28.0,6322.8
1989,26.0,28.0,9479.8
1990,28.0,28.0,7138.8
1991,30.0,28.0,8534.8
1992,32.0,28.0,9824.8
1993,34.0,28.0,13039.8
1994,36.0,28.0,14745.8
1995,38.0,28.0,13474.8
1996,40.0,28.0,13541.8
1997,42.0,28.0,16082.8
1998,44.0,28.0,17611.8
1999,46.0,28.0,20147.8
2000,48.0,28.0,20113.8
2001,-50.0,30.0,21421.0
2002,-48.0,30.0,22816.0
2003,-46.0,30.0,19868.0
2004,-44.0,30.0,19009.0
2005,-42.0,30.0,16000.0
2006,-40.0,30.0,14700.0
2007,-38.0,30.0,15484.0
2008,-36.0,30.0,14856.0
2009,-34.0,30.0,13191.0
2010,-32.0,30.0,12708.0
2011,-30.0,30.0,9885.0
2012,-28.0,30.0,8655.0
2013,-26.0,30.0,6523.0
2014,-24.0,30.0,8178.0
2015,-22.0,30.0,4543.0
2016,-20.0,30.0,7587.0
2017,-18.0,30.0,3751.0
2018,-16.0,30.0,3734.0
2019,-14.0,30.0,4408.0
2020,-12.0,30.0,2720.0
2021,-10.0,30.0,4038.0
2022,-8.0,30.0,2298.0
2023,-6.0,30.0,3990.0
2024,-4.0,30.0,4531.0
2025,-2.0,30.0,1272.0
2026,0.0,30.0,2805.0
2027,2.0,30.0,1216.0
2028,4.0,30.0,2857.0
2029,6.0,30.0,4516.0
2030,8.0,30.0,2752.0
2031,10.0,30.0,1556.0
2032,12.0,30.0,5040.0
2033,14.0,30.0,3871.0
2034,16.0,30.0,3021.0
2035,18.0,30.0,3978.0
2036,20.0,30.0,5105.0
2037,22.0,30.0,4675.0
2038,24.0,30.0,7764.0
2039,26.0,30.0,9877.0
2040,28.0,30.0,8769.0
2041,30.0,30.0,10544.0
2042,32.0,30.0,12813.0
2043,34.0,30.0,10346.0
2044,36.0,30.0,14126.0
2045,38.0,30.0,14566.0
2046,40.0,30.0,16829.0
2047,42.0,30.0,17079.0
2048,44.0,30.0,18260.0
2049,46.0,30.0,21405.0
2050,48.0,30.0,19336.0
2051,-50.0,32.0,24031.8
2052,-48.0,32.0,20087.8
2053,-46.0,32.0,20821.8
2054,-44.0,32.0,17250.8
2055,-42.0,32.0,16723.8
2056,-40.0,32.0,15765.8
2057,-38.0,32.0,14809.8
2058,-36.0,32.0,12179.8
2059,-34.0,32.0,13038.8
2060,-32.0,32.0,9550.8
2061,-30.0,32.0,11617.8
2062,-28.0,32.0,7253.8
2063,-26.0,32.0,8859.8
2064,-24.0,32.0,9059.8
2065,-22.0,32.0,4899.8
2066,-20.0,32.0,6663.8
2067,-18.0,32.0,6293.8
2068,-16.0,32.0,4911.8
2069,-14.0,32.0,3009.8
2070,-12.0,32.0,3951.8
2071,-10.0,32.0,4916.8
2072,-8.0,32.0,4601.8
2073,-6.0,32.0,3811.8
2074,-4.0,32.0,3106.8
2075,-2.0,32.0,1814.8
2076,0.0,32.0,3388.8
2077,2.0,32.0,1391.8
2078,4.0,32.0,2509.8
2079,6.0,32.0,1966.8
2080,8.0,32.0,1228.8
2081,10.0,32.0,3990.8
2082,12.0,32.0,3724.8
2083,14.0,32.0,2413.8
2084,16.0,32.0,3925.8
2085,18.0,32.0,4095.8
2086,20.0,32.0,4509.8
2087,22.0,32.0,8398.8
2088,24.0,32.0,6479.8
2089,26.0,32.0,8002.8
2090,28.0,32.0,7239.8
2091,30.0,32.0,11667.8
2092,32.0,32.0,12326.8
2093,34.0,32.0,11374.8
2094,36.0,32.0,15049.8
2095,38.0,32.0,12319.8
2096,40.0,32.0,13614.8
2097,42.0,32.0,15232.8
2098,44.0,32.0,19225.8
2099,46.0,32.0,17899.8
2100,48.0,32.0,22740.8
2101,-50.0,34.0,22229.2
2102,-48.0,34.0,22116.2
2103,-46.0,34.0,18912.2
2104,-44.0,34.0,17367.2
2105,-42.0,34.0,17933.2
2106,-40.0,34.0,14961.2
2107,-38.0,34.0,12526.2
2108,-36.0,34.0,11754.2
2109,-34.0,34.0,10695.2
2110,-32.0,34.0,9302.2
2111,-30.0,34.0,9442.2
2112,-28.0,34.0,8200.2
2113,-26.0,34.0,6416.2
2114,-24.0,34.0,5985.2
2115,-22.0,34.0,7239.2
2116,-20.0,34.0,4659.2
2117,-18.0,34.0,6951.2
2118,-16.0,34.0,3742.2
2119,-14.0,34.0,2823.2
2120,-12.0,34.0,5215.2
2121,-10.0,34.0,2276.2
2122,-8.0,34.0,4946.2
2123,-6.0,34.0,2847.2
2124,-4.0,34.0,2784.2
2125,-2.0,34.0,2406.2
2126,0.0,34.0,3902.2
2127,2.0,34.0,3757.2
2128,4.0,34.0,1521.2
2129,6.0,34.0,2326.2
2130,8.0,34.0,3224.2
2131,10.0,34.0,2881.2
2132,12.0,34.0,2497.2
2133,14.0,34.0,4199.2
2134,16.0,34.0,3265.2
2135,18.0,34.0,4376.2
2136,20.0,34.0,6946.2
2137,22.0,34.0,8634.2
2138,24.0,34.0,5838.2
2139,26.0,34.0,9185.2
2140,28.0,34.0,8209.2
2141,30.0,34.0,11783.2
2142,32.0,34.0,12917.2
2143,34.0,34.0,10806.2
2144,36.0,34.0,12904.2
2145,38.0,34.0,15567.2
2146,40.0,34.0,15316.2
2147,42.0,34.0,15498.2
2148,44.0,34.0,16778.2
2149,46.0,34.0,19441.2
2150,48.0,34.0,20927.2
2151,-50.0,36.0,23215.2
2152,-48.0,36.0,20470.2
2153,-46.0,36.0,21669.2
2154,-44.0,36.0,17410.2
2155,-42.0,36.0,16242.2
2156,-40.0,36.0,15230.2
2157,-38.0,36.0,12865.2
2158,-36.0,36.0,12132.2
2159,-34.0,36.0,12498.2
2160,-32.0,36.0,12758.2
2161,-30.0,36.0,9259.2
2162,-28.0,36.0,8121.2
2163,-26.0,36.0,8246.2
2164,-24.0,36.0,7246.2
2165,-22.0,36.0,5094.2
2166,-20.0,36.0,7970.2
2167,-18.0,36.0,3920.2
2168,-16.0,36.0,4341.2
2169,-14.0,36.0,5133.2
2170,-12.0,36.0,3894.2
2171,-10.0,36.0,4471.2
2172,-8.0,36.0,1800.2
2173,-6.0,36.0,3456.2
2174,-4.0,36.0,4686.2
2175,-2.0,36.0,4200.2
2176,0.0,36.0,2512.2
2177,2.0,36.0,1028.2
2178,4.0,36.0,4454.2
2179,6.0,36.0,3186.2
2180,8.0,36.0,4273.2
2181,10.0,36.0,2983.2
2182,12.0,36.0,3603.2
2183,14.0,36.0,5401.2
2184,16.0,36.0,3122.2
2185,18.0,36.0,6659.2
2186,20.0,36.0,4769.2
2187,22.0,36.0,5604.2
2188,24.0,36.0,8985.2
2189,26.0,36.0,10244.2
2190,28.0,36.0,9662.2
2191,30.0,36.0,10615.2
2192,32.0,36.0,11276.2
2193,34.0,36.0,10490.2
2194,36.0,36.0,14282.2
2195,38.0,36.0,14227.2
2196,40.0,36.0,14328.2
2197,42.0,36.0,15292.2
2198,44.0,36.0,19328.2
2199,46.0,36.0,19066.2
2200,48.0,36.0,20667.2
2201,-50.0,38.0,24920.8
2202,-48.0,38.0,22598.8
2203,-46.0,38.0,18778.8
2204,-44.0,38.0,18410.8
2205,-42.0,38.0,18561.8
2206,-40.0,38.0,16221.8
2207,-38.0,38.0,16349.8
2208,-36.0,38.0,11392.8
2209,-34.0,38.0,13515.8
2210,-32.0,38.0,10904.8
2211,-30.0,38.0,9491.8
2212,-28.0,38.0,9005.8
2213,-26.0,38.0,8503.8
2214,-24.0,38.0,5674.8
2215,-22.0,38.0,6637.8
2216,-20.0,38.0,4262.8
2217,-18.0,38.0,7116.8
2218,-16.0,38.0,5277.8
2219,-14.0,38.0,6006.8
2220,-12.0,38.0,4090.8
2221,-10.0,38.0,5766.8
2222,-8.0,38.0,2873.8
2223,-6.0,38.0,1840.8
2224,-4.0,38.0,1870.8
2225,-2.0,38.0,3668.8
2226,0.0,38.0,2933.8
2227,2.0,38.0,4651.8
2228,4.0,38.0,4615.8
2229,6.0,38.0,1660.8
2230,8.0,38.0,4390.8
2231,10.0,38.0,3094.8
2232,12.0,38.0,3635.8
2233,14.0,38.0,4128.8
2234,16.0,38.0,5471.8
2235,18.0,38.0,5973.8
2236,20.0,38.0,4657.8
2237,22.0,38.0,6313.8
2238,24.0,38.0,8971.8
2239,26.0,38.0,8965.8
2240,28.0,38.0,9294.8
2241,30.0,38.0,9061.8
2242,32.0,38.0,9967.8
2243,34.0,38.0,13048.8
2244,36.0,38.0,13900.8
2245,38.0,38.0,12706.8
2246,40.0,38.0,16122.8
2247,42.0,38.0,17315.8
2248,44.0,38.0,19882.8
2249,46.0,38.0,18632.8
2250,48.0,38.0,21351.8
2251,-50.0,40.0,21729.0
2252,-48.0,40.0,20785.0
2253,-46.0,40.0,21175.0
2254,-44.0,40.0,17789.0
2255,-42.0,40.0,17369.0
2256,-40.0,40.0,14886.0
2257,-38.0,40.0,16604.0
2258,-36.0,40.0,13179.0
2259,-34.0,40.0,12597.0
2260,-32.0,40.0,11567.0
2261,-30.0,40.0,11439.0
2262,-28.0,40.0,10219.0
2263,-26.0,40.0,9324.0
2264,-24.0,40.0,6385.0
2265,-22.0,40.0,6255.0
2266,-20.0,40.0,7228.0
2267,-18.0,40.0,5782.0
2268,-16.0,40.0,5441.0
2269,-14.0,40.0,6341.0
2270,-12.0,40.0,6165.0
2271,-10.0,40.0,3343.0
2272,-8.0,40.0,1817.0
2273,-6.0,40.0,5235.0
2274,-4.0,40.0,2984.0
2275,-2.0,40.0,2831.0
2276,0.0,40.0,3549.0
2277,2.0,40.0,3667.0
2278,4.0,40.0,3798.0
2279,6.0,40.0,4752.0
2280,8.0,40.0,1847.0
2281,10.0,40.0,5237.0
2282,12.0,40.0,2381.0
2283,14.0,40.0,3895.0
2284,16.0,40.0,4244.0
2285,18.0,40.0,5672.0
2286,20.0,40.0,5884.0
2287,22.0,40.0,7428.0
2288,24.0,40.0,6783.0
2289,26.0,40.0,7703.0
2290,28.0,40.0,10978.0
2291,30.0,40.0,12113.0
2292,32.0,40.0,11396.0
2293,34.0,40.0,12188.0
2294,36.0,40.0,11571.0
2295,38.0,40.0,14763.0
2296,40.0,40.0,15259.0
2297,42.0,40.0,18573.0
2298,44.0,40.0,18567.0
2299,46.0,40.0,20685.0
2300,48.0,40.0,23106.0
2301,-50.0,42.0,23072.8
2302,-48.0,42.0,22360.8
2303,-46.0,42.0,21618.8
2304,-44.0,42.0,20366.8
2305,-42.0,42.0,17763.8
2306,-40.0,42.0,16798.8
2307,-38.0,42.0,16013.8
2308,-36.0,42.0,12729.8
2309,-34.0,42.0,13119.8
2310,-32.0,42.0,12428.8
2311,-30.0,42.0,12405.8
2312,-28.0,42.0,9906.8
2313,-26.0,42.0,7415.8
2314,-24.0,42.0,7295.8
2315,-22.0,42.0,6797.8
2316,-20.0,42.0,7033.8
2317,-18.0,42.0,6018.8
2318,-16.0,42.0,4848.8
2319,-14.0,42.0,5561.8
2320,-12.0,42.0,5454.8
2321,-10.0,42.0,4489.8
2322,-8.0,42.0,2731.8
2323,-6.0,42.0,5276.8
2324,-4.0,42.0,4531.8
2325,-2.0,42.0,4220.8
2326,0.0,42.0,1697.8
2327,2.0,42.0,1516.8
2328,4.0,42.0,2171.8
2329,6.0,42.0,1654.8
2330,8.0,42.0,4884.8
2331,10.0,42.0,2889.8
2332,12.0,42.0,5485.8
2333,14.0,42.0,5646.8
2334,16.0,42.0,5216.8
2335,18.0,42.0,6684.8
2336,20.0,42.0,6761.8
2337,22.0,42.0,7977.8
2338,24.0,42.0,9752.8
2339,26.0,42.0,9326.8
2340,28.0,42.0,8715.8
2341,30.0,42.0,10455.8
2342,32.0,42.0,13220.8
2343,34.0,42.0,12587.8
2344,36.0,42.0,11688.8
2345,38.0,42.0,13468.8
2346,40.0,42.0,16901.8
2347,42.0,42.0,18990.8
2348,44.0,42.0,19270.8
2349,46.0,42.0,19582.8
2350,48.0,42.0,23103.8
2351,-50.0,44.0,23918.2
2352,-48.0,44.0,20265.2
2353,-46.0,44.0,19470.2
2354,-44.0,44.0,19342.2
2355,-42.0,44.0,16464.2
2356,-40.0,44.0,15568.2
2357,-38.0,44.0,14981.2
2358,-36.0,44.0,11951.2
2359,-34.0,44.0,14371.2
2360,-32.0,44.0,13423.2
2361,-30.0,44.0,9458.2
2362,-28.0,44.0,9939.2
2363,-26.0,44.0,7688.2
2364,-24.0,44.0,8711.2
2365,-22.0,44.0,5273.2
2366,-20.0,44.0,7492.2
2367,-18.0,44.0,6487.2
2368,-16.0,44.0,4428.2
2369,-14.0,44.0,3440.2
2370,-12.0,44.0,2605.2
2371,-10.0,44.0,2876.2
2372,-8.0,44.0,4177.2
2373,-6.0,44.0,3418.2
2374,-4.0,44.0,2646.2
2375,-2.0,44.0,2906.2
2376,0.0,44.0,5320.2
2377,2.0,44.0,4483.2
2378,4.0,44.0,2729.2
2379,6.0,44.0,3554.2
2380,8.0,44.0,3954.2
2381,10.0,44.0,3407.2
2382,12.0,44.0,4515.2
2383,14.0,44.0,5796.2
2384,16.0,44.0,4629.2
2385,18.0,44.0,4126.2
2386,20.0,44.0,5537.2
2387,22.0,44.0,7956.2
2388,24.0,44.0,8328.2
2389,26.0,44.0,10043.2
2390,28.0,44.0,7948.2
2391,30.0,44.0,12224.2
2392,32.0,44.0,11950.2
2393,34.0,44.0,10769.2
2394,36.0,44.0,14539.2
2395,38.0,44.0,13320.2
2396,40.0,44.0,14611.2
2397,42.0,44.0,17343.2
2398,44.0,44.0,18765.2
2399,46.0,44.0,20604.2
2400,48.0,44.0,21417.2
2401,-50.0,46.0,24628.2
2402,-48.0,46.0,22621.2
2403,-46.0,46.0,21398.2
2404,-44.0,46.0,17704.2
2405,-42.0,46.0,17863.2
2406,-40.0,46.0,16779.2
2407,-38.0,46.0,15139.2
2408,-36.0,46.0,14326.2
2409,-34.0,46.0,13783.2
2410,-32.0,46.0,12369.2
2411,-30.0,46.0,12669.2
2412,-28.0,46.0,11078.2
2413,-26.0,46.0,7555.2
2414,-24.0,46.0,7876.2
2415,-22.0,46.0,6507.2
2416,-20.0,46.0,7566.2
2417,-18.0,46.0,6819.2
2418,-16.0,46.0,3968.2
2419,-14.0,46.0,4955.2
2420,-12.0,46.0,6300.2
2421,-10.0,46.0,2796.2
2422,-8.0,46.0,3351.2
2423,-6.0,46.0,5325.2
2424,-4.0,46.0,5576.2
2425,-2.0,46.0,4734.2
2426,0.0,46.0,4257.2
2427,2.0,46.0,3222.2
2428,4.0,46.0,3118.2
2429,6.0,46.0,3030.2
2430,8.0,46.0,2531.2
2431,10.0,46.0,2684.2
2432,12.0,46.0,3536.2
2433,14.0,46.0,6721.2
2434,16.0,46.0,7470.2
2435,18.0,46.0,6516.2
2436,20.0,46.0,5371.2
2437,22.0,46.0,6423.2
2438,24.0,46.0,10054.2
2439,26.0,46.0,8090.2
2440,28.0,46.0,10521.2
2441,30.0,46.0,12475.2
2442,32.0,46.0,11353.2
2443,34.0,46.0,12373.2
2444,36.0,46.0,15813.2
2445,38.0,46.0,13078.2
2446,40.0,46.0,17108.2
2447,42.0,46.0,19032.2
2448,44.0,46.0,17827.2
2449,46.0,46.0,21131.2
2450,48.0,46.0,23637.2
2451,-50.0,48.0,23505.8
2452,-48.0,48.0,21790.8
2453,-46.0,48.0,21199.8
2454,-44.0,48.0,20438.8
2455,-42.0,48.0,19168.8
2456,-40.0,48.0,16841.8
2457,-38.0,48.0,13930.8
2458,-36.0,48.0,14026.8
2459,-34.0,48.0,14769.8
2460,-32.0,48.0,11745.8
2461,-30.0,48.0,9913.8
2462,-28.0,48.0,9532.8
2463,-26.0,48.0,10308.8
2464,-24.0,48.0,8771.8
2465,-22.0,48.0,8986.8
2466,-20.0,48.0,8271.8
2467,-18.0,48.0,7941.8
2468,-16.0,48.0,5231.8
2469,-14.0,48.0,5618.8
2470,-12.0,48.0,4163.8
2471,-10.0,48.0,5773.8
2472,-8.0,48.0,4572.8
2473,-6.0,48.0,5799.8
2474,-4.0,48.0,4927.8
2475,-2.0,48.0,2896.8
2476,0.0,48.0,3611.8
2477,2.0,48.0,5223.8
2478,4.0,48.0,4210.8
2479,6.0,48.0,2972.8
2480,8.0,48.0,3836.8
2481,10.0,48.0,3032.8
2482,12.0,48.0,3034.8
2483,14.0,48.0,5372.8
2484,16.0,48.0,5556.8
2485,18.0,48.0,4862.8
2486,20.0,48.0,7789.8
2487,22.0,48.0,6154.8
2488,24.0,48.0,9956.8
2489,26.0,48.0,8381.8
2490,28.0,48.0,11391.8
2491,30.0,48.0,9395.8
2492,32.0,48.0,13062.8
2493,34.0,48.0,11624.8
2494,36.0,48.0,12106.8
2495,38.0,48.0,14279.8
2496,40.0,48.0,14911.8
2497,42.0,48.0,19055.8
2498,44.0,48.0,19085.8
2499,46.0,48.0,21407.8
2500,48.0,48.0,23442.8
