{
   "abstract" : "unknown",
   "author" : [
      "unknown"
   ],
   "dynamic_config" : 0,
   "generated_by" : "ExtUtils::MakeMaker version 6.30, CPAN::Meta::Converter version 2.150010",
   "license" : [
      "unknown"
   ],
   "meta-spec" : {
      "url" : "http://search.cpan.org/perldoc?CPAN::Meta::Spec",
      "version" : 2
   },
   "name" : "DBD-DB2",
   "prereqs" : {
      "build" : {
         "requires" : {
            "ExtUtils::MakeMaker" : "0"
         }
      },
      "configure" : {
         "requires" : {
            "ExtUtils::MakeMaker" : "0"
         }
      }
   },
   "release_status" : "stable",
   "version" : "1.85",
   "x_installdirs" : "site",
   "x_serialization_backend" : "JSON::PP version 4.02",
   "x_version_from" : "DB2.pm"
}
