# dist,version,author,filename,released - epoch,released - YMD
AEAE,0.02,JETEVE,,1139566791,2006-02-10
AI-NeuralNet-BackProp,0.89,JBRYAN,,966496907,2000-08-17
AI-NeuralNet-Mesh,0.44,JBRYAN,,968964981,2000-09-14
AI-NeuralNet-SOM,0.07,DRRHO,,1211612835,2008-05-24
AOL-TOC,0.340,JHARDING,,966917420,2000-08-22
Abstract-Meta-Class,0.13,ADRIANWIT,,1227483540,2008-11-23
Acme,1.11111,INGY,,1137626100,2006-01-18
Acme-Anything,0.02,JJORE,,1194827066,2007-11-12
Acme-BOPE,0.01,GARU,,1222060546,2008-09-22
Acme-Brainfuck,1.1.1,JALDHAR,,1081268735,2004-04-06
Acme-Buffy,1.5,LBROCARD,,1177769034,2007-04-28
Acme-CPANAuthors-Canadian,0.0101,ZOFFIX,,1225664601,2008-11-02
Acme-CPANAuthors-CodeRepos,0.080522,ISHIGAKI,,1211390902,2008-05-21
Acme-CPANAuthors-French,0.07,SAPER,,1225662681,2008-11-02
Acme-CPANAuthors-Japanese,0.090101,ISHIGAKI,,1230748955,2008-12-31