<?xml version="1.0" encoding="UTF-8"?>
<feed xmlns="http://www.w3.org/2005/Atom">
  <id>info:fedora/demo:40</id>
  <title type="text">Data Object for Image Manipulation Demo</title>
  <updated>2008-07-02T05:09:42.015Z</updated>
  <author>
    <name>fedoraAdmin</name>
  </author>
  <category term="Active" scheme="info:fedora/fedora-system:def/model#state"></category>
  <category term="2008-07-02T05:09:42.015Z" scheme="info:fedora/fedora-system:def/model#createdDate"></category>
  <icon>http://www.fedora-commons.org/images/logo_vertical_transparent_200_251.png</icon>
  <entry>
    <id>info:fedora/demo:40/DC</id>
    <title type="text">DC</title>
    <updated>2008-07-02T05:09:43.234Z</updated>
    <link href="info:fedora/demo:40/DC/2008-07-02T05:09:43.234Z" rel="alternate"></link>
    <category term="A" scheme="info:fedora/fedora-system:def/model#state"></category>
    <category term="X" scheme="info:fedora/fedora-system:def/model#controlGroup"></category>
    <category term="true" scheme="info:fedora/fedora-system:def/model#versionable"></category>
  </entry>
  <entry xmlns:thr="http://purl.org/syndication/thread/1.0">
    <id>info:fedora/demo:40/DC/2008-07-02T05:09:43.234Z</id>
    <title type="text">DC1.0</title>
    <updated>2008-07-02T05:09:43.234Z</updated>
    <thr:in-reply-to ref="info:fedora/demo:40/DC"></thr:in-reply-to>
    <category term="http://www.openarchives.org/OAI/2.0/oai_dc/" scheme="info:fedora/fedora-system:def/model#formatURI"></category>
    <category term="Dublin Core Record for this object" scheme="info:fedora/fedora-system:def/model#label"></category>
    <summary type="text">DC1.0</summary>
    <content type="text/xml" src="DC1.0.xml"></content>
  </entry>
  <entry>
    <id>info:fedora/demo:40/RELS-EXT</id>
    <title type="text">RELS-EXT</title>
    <updated>2008-07-02T05:09:43.234Z</updated>
    <link href="info:fedora/demo:40/RELS-EXT/2008-07-02T05:09:43.234Z" rel="alternate"></link>
    <category term="A" scheme="info:fedora/fedora-system:def/model#state"></category>
    <category term="X" scheme="info:fedora/fedora-system:def/model#controlGroup"></category>
    <category term="true" scheme="info:fedora/fedora-system:def/model#versionable"></category>
  </entry>
  <entry xmlns:thr="http://purl.org/syndication/thread/1.0">
    <id>info:fedora/demo:40/RELS-EXT/2008-07-02T05:09:43.234Z</id>
    <title type="text">RELS-EXT1.0</title>
    <updated>2008-07-02T05:09:43.234Z</updated>
    <thr:in-reply-to ref="info:fedora/demo:40/RELS-EXT"></thr:in-reply-to>
    <category term="info:fedora/fedora-system:FedoraRELSExt-1.0" scheme="info:fedora/fedora-system:def/model#formatURI"></category>
    <category term="RDF Statements about this object" scheme="info:fedora/fedora-system:def/model#label"></category>
    <summary type="text">RELS-EXT1.0</summary>
    <content type="application/rdf+xml" src="RELS-EXT1.0.xml"></content>
  </entry>
  <entry>
    <id>info:fedora/demo:40/url</id>
    <title type="text">url</title>
    <updated>2008-07-02T05:09:43.234Z</updated>
    <link href="info:fedora/demo:40/url/2008-07-02T05:09:43.234Z" rel="alternate"></link>
    <category term="A" scheme="info:fedora/fedora-system:def/model#state"></category>
    <category term="E" scheme="info:fedora/fedora-system:def/model#controlGroup"></category>
    <category term="true" scheme="info:fedora/fedora-system:def/model#versionable"></category>
  </entry>
  <entry xmlns:thr="http://purl.org/syndication/thread/1.0">
    <id>info:fedora/demo:40/url/2008-07-02T05:09:43.234Z</id>
    <title type="text">url1.0</title>
    <updated>2008-07-02T05:09:43.234Z</updated>
    <thr:in-reply-to ref="info:fedora/demo:40/url"></thr:in-reply-to>
    <category term="Thorny's Coliseum high jpg image" scheme="info:fedora/fedora-system:def/model#label"></category>
    <summary type="text">url1.0</summary>
    <content type="image/jpeg" src="http://local.fedora.server/fedora-demo/simple-image-demo/coliseum-high.jpg"></content>
  </entry>
</feed>
