
        <oai_dc:dc xmlns:dc="http://purl.org/dc/elements/1.1/" xmlns:oai_dc="http://www.openarchives.org/OAI/2.0/oai_dc/">
          <dc:title>Coliseum in Rome</dc:title>
          <dc:creator>Thornton Staples</dc:creator>
          <dc:subject>Architecture, Roman</dc:subject>
          <dc:description>Image of Coliseum in Rome</dc:description>
          <dc:publisher>University of Virginia Library</dc:publisher>
          <dc:format>image/jpeg</dc:format>
          <dc:identifier>demo:40</dc:identifier>
        </oai_dc:dc>
      
