UPS Hundredweight Service�,,,,,,,
Daily Rates for Multiple-Package Domestic Shipments,,,,,,,
"EFFECTIVE JANUARY 2, 2006",,,,,,,
Rates do not include a fuel surcharge.,,,,,,,

UPS 2nd Day Air A.M.�,,,,,,,
Hundredweight Shipment Rates per Pound,,,,,,,
Weight Not To Exceed,Zone 242,Zone 243,Zone 244,Zone 245,Zone 246,Zone 247,Zone 248
100 to 499 Lbs.,$0.78 ,$0.96 ,$1.17 ,$1.67 ,$2.38 ,$2.48 ,$2.59 
500 to 999 Lbs.,$0.78 ,$0.96 ,$1.17 ,$1.67 ,$2.38 ,$2.48 ,$2.59 
1000+  Lbs.,$0.78 ,$0.96 ,$1.17 ,$1.67 ,$2.38 ,$2.48 ,$2.59 

Note: The minimum charge for a 2nd Day A.M. hundredweight shipment will be based on an ,,,,,,,
average weight of 10 pounds per package.  Shipment minimum of 100 pounds.,,,,,,,
